medicine_no,score
MD-49997,58.39702916497562
MD-49998,28.91555611489206
MD-49999,23.64546230606928
MD-50000,17.00870848619617
MD-50001,24.20123123802604
MD-50002,16.603635111181426
MD-50003,33.897788437143916
MD-50004,48.79106251188738
MD-50005,24.248112064986373
MD-50006,25.87502385685303
MD-50007,54.365648478633666
MD-50008,12.047081608312126
MD-50009,44.67421699265283
MD-50010,33.46487883557459
MD-50011,15.627403978647251
MD-50012,40.83310814866784
MD-50013,14.610941199598114
MD-50014,21.724216647688298
MD-50015,34.78452417051489
MD-50016,55.331697464465634
MD-50017,12.32753663191623
MD-50018,22.39496605979192
MD-50019,16.573908869181274
MD-50020,42.34641634653141
MD-50021,44.499457289351376
MD-50022,32.08684343593027
MD-50023,6.445674025580657
MD-50024,16.063658008146692
MD-50025,7.816248235041514
MD-50026,44.72384456505931
MD-50027,31.54476425970902
MD-50028,10.417757564743866
MD-50029,131.33730473329052
MD-50030,18.22861132749325
MD-50031,21.271370560177203
MD-50032,32.649169876664715
MD-50033,15.651402772223282
MD-50034,45.01701041945918
MD-50035,34.537641923992766
MD-50036,11.148973429308082
MD-50037,73.97606162530118
MD-50038,10.384462952048391
MD-50039,45.9183676259875
MD-50040,45.96359411339517
MD-50041,31.289074100830522
MD-50042,11.587679794330288
MD-50043,36.71638844485028
MD-50044,32.06382078862319
MD-50045,16.783259193789377
MD-50046,41.442193054476796
MD-50047,4.013118260907299
MD-50048,38.39180951657567
MD-50049,17.109561740765166
MD-50050,46.041624730069834
MD-50051,38.12470099109016
MD-50052,20.45970155167935
MD-50053,46.419404351103175
MD-50054,37.3382844489109
MD-50055,53.7757115858371
MD-50056,17.78672952327484
MD-50057,18.52093495976392
MD-50058,20.050832137118533
MD-50059,40.60784319614576
MD-50060,36.463655263003425
MD-50061,12.166602397371436
MD-50062,14.392351994427635
MD-50063,26.239437877035524
MD-50064,24.444968636845612
MD-50065,16.600219617033634
MD-50066,33.59095091822607
MD-50067,17.768978508047915
MD-50068,3.4372197847876533
MD-50069,19.988857531468444
MD-50070,34.47173943129051
MD-50071,30.500446486071827
MD-50072,34.36975781163033
MD-50073,39.07857212047144
MD-50074,35.39525918044288
MD-50075,31.359283272050284
MD-50076,13.52612478221316
MD-50077,11.010628618079611
MD-50078,32.367482718548125
MD-50079,15.041771515125092
MD-50080,35.95867670054294
MD-50081,49.33534749831516
MD-50082,34.29965232424477
MD-50083,37.052794655081314
MD-50084,18.67937057799291
MD-50085,15.797894727624925
MD-50086,26.66266274637026
MD-50087,49.608646441226675
MD-50088,29.107385984257345
MD-50089,31.04972455673421
MD-50090,34.57992244635946
MD-50091,39.25477799262992
MD-50092,31.79744772645677
MD-50093,46.87487037904184
MD-50094,39.35633425199697
MD-50095,49.23609135466588
MD-50096,34.02566357168577
MD-50097,32.612293118062496
MD-50098,6.431521875348781
MD-50099,45.77398873715672
MD-50100,8.793773723288409
MD-50101,15.749311723368933
MD-50102,21.717427294026603
MD-50103,35.499162488105476
MD-50104,36.47817329700027
MD-50105,15.693665179902798
MD-50106,18.177202192366753
MD-50107,47.69065509990842
MD-50108,46.51650188890404
MD-50109,24.938089138534366
MD-50110,9.246954939322023
MD-50111,35.000802887314336
MD-50112,51.9853188589817
MD-50113,28.950718161676164
MD-50114,32.87848396890349
MD-50115,37.29766966986875
MD-50116,30.360687822876553
MD-50117,35.40306869942113
MD-50118,14.626472242169864
MD-50119,41.36222638663197
MD-50120,28.928717698812967
MD-50121,31.36659568193163
MD-50122,33.29499360619386
MD-50123,41.75323293877298
MD-50124,37.13859783743055
MD-50125,18.580669676790304
MD-50126,16.05422151153164
MD-50127,36.34549856361409
MD-50128,36.4837230893791
MD-50129,18.2447339764198
MD-50130,17.434043389537013
MD-50131,10.37956666773637
MD-50132,34.20058084329236
MD-50133,31.032291877027486
MD-50134,32.87991355347227
MD-50135,43.81621553760635
MD-50136,35.85662193112031
MD-50137,14.300091279365535
MD-50138,15.074574929520047
MD-50139,24.365691719991798
MD-50140,94.53684368266288
MD-50141,35.64752376454116
MD-50142,22.62188412516772
MD-50143,19.097212877034845
MD-50144,13.663372366659184
MD-50145,17.562056565687485
MD-50146,45.320709982376826
MD-50147,35.47343434461032
MD-50148,35.94546398181828
MD-50149,31.56166955509882
MD-50150,49.70513696209569
MD-50151,35.22871507744726
MD-50152,22.365061513307477
MD-50153,51.36097716409257
MD-50154,11.812584914193685
MD-50155,31.40646655544067
MD-50156,33.146932425025106
MD-50157,6.971140653623995
MD-50158,25.737399742147776
MD-50159,41.99955264762984
MD-50160,24.421575740480577
MD-50161,17.291881383622467
MD-50162,23.925245359740007
MD-50163,31.80738114613489
MD-50164,21.302807892766918
MD-50165,43.54524225029436
MD-50166,29.44158696307389
MD-50167,26.694015780144017
MD-50168,33.233301697003235
MD-50169,33.610110501175676
MD-50170,38.74631097482042
MD-50171,52.106602027201895
MD-50172,17.508491193818198
MD-50173,16.612471918706404
MD-50174,13.324690341112625
MD-50175,48.55519062753296
MD-50176,31.367680638195598
MD-50177,28.81542077493048
MD-50178,20.68315307304485
MD-50179,24.766679103064334
MD-50180,27.5446200423668
MD-50181,23.15190108166989
MD-50182,21.117305118785335
MD-50183,29.428207848981916
MD-50184,34.646013428575266
MD-50185,45.01993530604419
MD-50186,16.8897820835276
MD-50187,45.938987734449356
MD-50188,20.302854399843355
MD-50189,34.614537735809385
MD-50190,27.046812841617715
MD-50191,30.15464456594385
MD-50192,35.679026547890174
MD-50193,40.327386298310664
MD-50194,13.066958020416987
MD-50195,24.893968922066207
MD-50196,18.510608773938362
MD-50197,41.54604250689922
MD-50198,18.562718118504574
MD-50199,27.736813526795682
MD-50200,21.23034226439284
MD-50201,28.46204710140238
MD-50202,34.24007836555118
MD-50203,75.61373553385367
MD-50204,38.60193510026997
MD-50205,34.30422549283074
MD-50206,28.51602531407606
MD-50207,25.961938788901946
MD-50208,21.373265047319304
MD-50209,30.57091552930598
MD-50210,36.01087891719483
MD-50211,33.006197587543234
MD-50212,60.13013334841965
MD-50213,17.526248890427084
MD-50214,46.04334647131496
MD-50215,14.879528122014252
MD-50216,36.960230848146324
MD-50217,20.928865829462552
MD-50218,16.230234599540694
MD-50219,16.965429566198154
MD-50220,16.638628798240624
MD-50221,42.310076479669426
MD-50222,38.13125030772721
MD-50223,16.711181028162446
MD-50224,37.89624832453862
MD-50225,14.281782942907222
MD-50226,32.109225615914426
MD-50227,17.120713533641876
MD-50228,17.643921884345833
MD-50229,33.085433065068884
MD-50230,36.11927617979627
MD-50231,29.679652674115868
MD-50232,15.741578927009682
MD-50233,12.774985655377805
MD-50234,34.614983918161336
MD-50235,20.675123463277174
MD-50236,31.27984683233001
MD-50237,43.08537869161817
MD-50238,20.861801774165432
MD-50239,33.7971806799741
MD-50240,10.754481522963392
MD-50241,49.14987095392601
MD-50242,12.37119211630664
MD-50243,20.16491192705027
MD-50244,35.64498587512799
MD-50245,46.52875309968142
MD-50246,10.597197822963047
MD-50247,41.99063067417362
MD-50248,35.10252160200236
MD-50249,33.87219400161997
MD-50250,37.093546626239785
MD-50251,34.959235098335945
MD-50252,20.637912046769888
MD-50253,29.394660056421024
MD-50254,43.03142568701108
MD-50255,5.220300247910758
MD-50256,11.128127363650457
MD-50257,39.74958048916332
MD-50258,37.78864390236055
MD-50259,48.78230650326563
MD-50260,23.530526532160117
MD-50261,43.41752253090482
MD-50262,39.79009219836752
MD-50263,16.693324204343266
MD-50264,19.41988960165185
MD-50265,8.25675187232273
MD-50266,179.02511560693455
MD-50267,32.16537727675663
MD-50268,57.99052835111243
MD-50269,60.147717639770164
MD-50270,17.59831286576182
MD-50271,54.036819947204506
MD-50272,17.79342947015307
MD-50273,14.123442067290226
MD-50274,3.404084670823506
MD-50275,11.078612954017341
MD-50276,33.99016505327524
MD-50277,36.62963258071614
MD-50278,35.759825844985905
MD-50279,15.572178837211009
MD-50280,17.983133499064436
MD-50281,50.45833115375239
MD-50282,49.0898045656264
MD-50283,30.31918786653494
MD-50284,37.6212243114789
MD-50285,36.33521672008886
MD-50286,16.961354525903015
MD-50287,22.338876560165446
MD-50288,32.470045259558134
MD-50289,15.2642737665402
MD-50290,14.504606225749423
MD-50291,23.470995815987614
MD-50292,28.16818814580451
MD-50293,34.33477523858784
MD-50294,13.696324920918512
MD-50295,13.780404472555922
MD-50296,57.059371814934586
MD-50297,16.702510646836277
MD-50298,17.537956199485794
MD-50299,22.12032479840109
MD-50300,20.026658920334327
MD-50301,52.00793793334651
MD-50302,9.572426735383083
MD-50303,12.641210456079664
MD-50304,29.491818610576676
MD-50305,26.326279788045554
MD-50306,9.643631321597658
MD-50307,46.36759016205986
MD-50308,29.457478553879554
MD-50309,37.04001297490004
MD-50310,52.593290910413586
MD-50311,19.573029505441642
MD-50312,33.403234536813926
MD-50313,10.192301786652576
MD-50314,13.192896496696036
MD-50315,54.949177331282186
MD-50316,30.83545222774952
MD-50317,24.90161699119912
MD-50318,36.72770373763397
MD-50319,33.66018880082789
MD-50320,18.852788496103287
MD-50321,38.27828805884663
MD-50322,5.562954147935551
MD-50323,27.91327429396381
MD-50324,8.67138200441385
MD-50325,30.538386958945413
MD-50326,42.77226188239669
MD-50327,14.473969257398814
MD-50328,33.68820413662261
MD-50329,18.635596251767755
MD-50330,30.954609965208782
MD-50331,27.740528271349355
MD-50332,16.94298776691064
MD-50333,38.260076338830885
MD-50334,26.579953996648463
MD-50335,19.587658444173435
MD-50336,17.86016684585205
MD-50337,15.146591491051081
MD-50338,39.121939057541425
MD-50339,16.885556284577962
MD-50340,32.69089540820915
MD-50341,34.31708542273658
MD-50342,8.869722181902185
MD-50343,56.42816535132857
MD-50344,43.96486017399946
MD-50345,23.932410176178795
MD-50346,28.425137022413864
MD-50347,37.74168848051049
MD-50348,15.360105130224154
MD-50349,16.805245241378493
MD-50350,17.137341323632317
MD-50351,35.07850745849215
MD-50352,9.829486401538084
MD-50353,54.325747735229314
MD-50354,9.10928703050754
MD-50355,38.00111858371054
MD-50356,9.389621667458123
MD-50357,18.48621607570119
MD-50358,26.32756578450096
MD-50359,31.265111856676928
MD-50360,30.894705762427893
MD-50361,10.768681403053009
MD-50362,35.17192578883168
MD-50363,17.00577634217423
MD-50364,41.13681370804222
MD-50365,20.18715341385821
MD-50366,47.34129673036137
MD-50367,55.20207143183434
MD-50368,28.208849556979885
MD-50369,10.257819900734608
MD-50370,21.163450075897007
MD-50371,23.027510627021556
MD-50372,34.20911751813368
MD-50373,15.868447295258456
MD-50374,14.676132516817251
MD-50375,3.806374754633505
MD-50376,37.643053456331586
MD-50377,14.903597961948353
MD-50378,34.74310103693701
MD-50379,39.07855691116862
MD-50380,11.506956699416087
MD-50381,31.694103253090553
MD-50382,20.28048113763171
MD-50383,24.87212889984107
MD-50384,20.530972176363065
MD-50385,31.767536266678203
MD-50386,39.648102224856146
MD-50387,29.394660056421024
MD-50388,43.62631382912923
MD-50389,9.983882921890261
MD-50390,33.27132120455836
MD-50391,31.870704157586555
MD-50392,17.672768966940637
MD-50393,37.02203097368602
MD-50394,30.47162154760848
MD-50395,19.281357410675074
MD-50396,35.58116878844918
MD-50397,18.15923887782879
MD-50398,16.82568624781046
MD-50399,55.18255884083814
MD-50400,34.585581624616296
MD-50401,27.609498164376195
MD-50402,44.59151040359351
MD-50403,22.856201036081803
MD-50404,17.307516542580398
MD-50405,13.091192232679287
MD-50406,22.892195932197318
MD-50407,40.892107302091546
MD-50408,23.523934281306502
MD-50409,51.40727715259408
MD-50410,33.99701327458228
MD-50411,35.592320543450526
MD-50412,9.303504365278856
MD-50413,30.61052642057617
MD-50414,24.917104253900085
MD-50415,28.942576839032405
MD-50416,24.17881248092327
MD-50417,32.07831978866167
MD-50418,14.825169908637193
MD-50419,16.278227643529796
MD-50420,34.209200396313605
MD-50421,42.02902998425901
MD-50422,28.572068138510463
MD-50423,56.553793469384864
MD-50424,35.570343578697766
MD-50425,38.02182180698847
MD-50426,16.93864779064268
MD-50427,32.51931187379336
MD-50428,33.16516548611139
MD-50429,17.33593889613153
MD-50430,23.1368311408423
MD-50431,34.087290768944584
MD-50432,27.489335409955224
MD-50433,41.6512919888585
MD-50434,92.31288957968782
MD-50435,22.80333543194445
MD-50436,32.113482644230686
MD-50437,9.749311988448136
MD-50438,62.65596348359235
MD-50439,34.43728606019486
MD-50440,40.33068995984306
MD-50441,51.616083631667514
MD-50442,51.25304229356385
MD-50443,13.589439834922864
MD-50444,62.82287841574472
MD-50445,13.556066168114276
MD-50446,26.342777848805017
MD-50447,15.949913128031199
MD-50448,40.65748904801661
MD-50449,26.76605534562938
MD-50450,31.148137525006888
MD-50451,38.396347753940276
MD-50452,33.78846458257312
MD-50453,32.504291860878936
MD-50454,22.95594853465452
MD-50455,56.16694127203057
MD-50456,32.79477778791086
MD-50457,17.515464098308406
MD-50458,30.387223211858906
MD-50459,18.060238452179295
MD-50460,12.545422360024562
MD-50461,60.415057737984625
MD-50462,52.7456182784957
MD-50463,32.81656699181827
MD-50464,6.670182217058231
MD-50465,20.480430567594404
MD-50466,19.84346359363753
MD-50467,92.81580592111581
MD-50468,45.9461958883565
MD-50469,38.598620698794186
MD-50470,16.524031970229842
MD-50471,25.498454647194407
MD-50472,27.828892123496704
MD-50473,15.340604962730628
MD-50474,20.835080672011827
MD-50475,22.565249551877777
MD-50476,51.96525673564987
MD-50477,23.36047778495372
MD-50478,35.37162684891878
MD-50479,14.121856713310633
MD-50480,16.334747706759742
MD-50481,31.806597094802957
MD-50482,9.743355188129543
MD-50483,26.132644980694813
MD-50484,51.498815346383644
MD-50485,36.43773922143627
MD-50486,18.37907570107909
MD-50487,15.609200243142958
MD-50488,16.465723798237665
MD-50489,10.167998263295274
MD-50490,19.535911054801392
MD-50491,16.82802806308505
MD-50492,33.12214378207536
MD-50493,30.729917309921515
MD-50494,20.497048244660323
MD-50495,18.06260927614255
MD-50496,29.576027877179012
MD-50497,35.10247907111529
MD-50498,17.248037234752502
MD-50499,33.787647399927444
MD-50500,43.357506938545214
MD-50501,36.62655374411342
MD-50502,24.95615083774304
MD-50503,39.67653656710558
MD-50504,47.011501653496445
MD-50505,39.40759378154857
MD-50506,41.44641074425366
MD-50507,32.1013383648432
MD-50508,37.54174063512434
MD-50509,34.048929777930844
MD-50510,53.91436180341432
MD-50511,41.76232985447544
MD-50512,16.672172673010625
MD-50513,15.803846392249739
MD-50514,36.9798476515445
MD-50515,32.94053419763218
MD-50516,19.285172686270403
MD-50517,78.82127123214913
MD-50518,16.233045141326446
MD-50519,35.410228127932676
MD-50520,17.545912777581112
MD-50521,28.739694454289694
MD-50522,16.547667835651538
MD-50523,37.01052944089323
MD-50524,24.078226777863705
MD-50525,52.454306668638445
MD-50526,33.39000478375935
MD-50527,15.661477713329907
MD-50528,27.147382860867605
MD-50529,33.993562958640105
MD-50530,32.02543719436636
MD-50531,53.01007018537042
MD-50532,9.787235569671372
MD-50533,31.43788122378214
MD-50534,17.715806860472487
MD-50535,31.996367635194055
MD-50536,44.58543105119591
MD-50537,32.729319847125204
MD-50538,37.34199051668934
MD-50539,27.779228064947844
MD-50540,20.651774032861198
MD-50541,39.25706827472134
MD-50542,35.757207849378226
MD-50543,35.342346673877294
MD-50544,104.25314506151567
MD-50545,13.207726972744302
MD-50546,10.42079562859676
MD-50547,19.29595172193706
MD-50548,21.820253143827248
MD-50549,21.00493059992297
MD-50550,25.751070734197114
MD-50551,25.587325928550378
MD-50552,34.25924602663485
MD-50553,39.93280883288356
MD-50554,42.75163899475147
MD-50555,37.61283538383911
MD-50556,26.3402457029193
MD-50557,32.02835426758686
MD-50558,52.028373786051546
MD-50559,11.03969547998774
MD-50560,46.4249307765743
MD-50561,38.858566956085554
MD-50562,7.548245702116234
MD-50563,17.82493843377481
MD-50564,43.27074100831084
MD-50565,17.289870362782054
MD-50566,24.618861368371018
MD-50567,11.44436736505339
MD-50568,11.181314231074037
MD-50569,16.710844264795174
MD-50570,29.589994110899703
MD-50571,34.8748612582412
MD-50572,36.36413536594275
MD-50573,22.01604605667196
MD-50574,16.868255528505472
MD-50575,16.848656835393285
MD-50576,34.482750379085914
MD-50577,10.950518882339631
MD-50578,34.80909846778587
MD-50579,32.97786807219308
MD-50580,39.58856061637348
MD-50581,25.963257651485538
MD-50582,58.40507800619317
MD-50583,19.742020907525344
MD-50584,26.979220901878243
MD-50585,42.940788259897055
MD-50586,83.26309559378706
MD-50587,63.70469430789827
MD-50588,81.02236997488865
MD-50589,23.770846019607774
MD-50590,49.16189823711762
MD-50591,73.83893718513161
MD-50592,15.9935430870942
MD-50593,52.3171275925761
MD-50594,15.44899364153792
MD-50595,28.935205689843198
MD-50596,17.03988465217993
MD-50597,36.12153264218015
MD-50598,34.371646986951006
MD-50599,28.582004441518112
MD-50600,42.307781155244946
MD-50601,46.68854975289242
MD-50602,37.151577756084514
MD-50603,17.600624392797798
MD-50604,49.43547107704268
MD-50605,24.36614731363421
MD-50606,11.03728160349919
MD-50607,33.50904012476093
MD-50608,14.683470397329348
MD-50609,47.11705740155625
MD-50610,16.75450502699284
MD-50611,17.558164561095825
MD-50612,31.249087909980734
MD-50613,32.27127536128202
MD-50614,35.800882380183936
MD-50615,30.96006917844851
MD-50616,41.34236044563266
MD-50617,36.77286787351528
MD-50618,41.240922849330765
MD-50619,15.106576974446984
MD-50620,17.727743351366
MD-50621,34.95275053163293
MD-50622,37.60726316598864
MD-50623,4.403001481406722
MD-50624,33.236937455949544
MD-50625,5.9845093728387395
MD-50626,30.771610084388097
MD-50627,18.526844728722214
MD-50628,29.743361330374103
MD-50629,14.111966977699034
MD-50630,32.22028756597192
MD-50631,33.6687416918958
MD-50632,12.013179100167982
MD-50633,49.22894344800083
MD-50634,19.233798096122747
MD-50635,21.99552828550302
MD-50636,20.114470611953067
MD-50637,40.87725147955337
MD-50638,20.596549552942335
MD-50639,25.75612261002844
MD-50640,19.971339740991542
MD-50641,7.928637188998871
MD-50642,21.287449135546485
MD-50643,34.49218262335409
MD-50644,34.64724940678798
MD-50645,36.427413412316604
MD-50646,37.892340569309496
MD-50647,19.948319639076786
MD-50648,45.02034177125649
MD-50649,39.61151743324156
MD-50650,20.038037185111545
MD-50651,61.37645939249868
MD-50652,35.23402082116441
MD-50653,14.660558388447964
MD-50654,9.483613626272945
MD-50655,41.78726877561512
MD-50656,41.65989182985352
MD-50657,10.54132966013492
MD-50658,34.55273025876395
MD-50659,16.55114263671655
MD-50660,35.915001348131874
MD-50661,30.78309382253493
MD-50662,41.41209865947761
MD-50663,13.3420058833535
MD-50664,11.494182473959109
MD-50665,32.15835646738274
MD-50666,33.797339046330215
MD-50667,18.012850906860596
MD-50668,35.24347233015732
MD-50669,26.10208175288369
MD-50670,31.492705120463093
MD-50671,23.314900201748223
MD-50672,36.46343618108297
MD-50673,25.79793061281235
MD-50674,49.26982063923556
MD-50675,19.063127099759622
MD-50676,16.860883491572757
MD-50677,24.90241842155925
MD-50678,84.74038466572507
MD-50679,38.66701122006225
MD-50680,20.20857903069968
MD-50681,18.904004707664573
MD-50682,33.85460577322118
MD-50683,15.035827139907115
MD-50684,33.24343793149565
MD-50685,16.679799650287304
MD-50686,18.631938540310415
MD-50687,16.658331723807446
MD-50688,22.240546233383192
MD-50689,52.85211670712687
MD-50690,7.657476187270641
MD-50691,17.351527492171957
MD-50692,22.233352212397808
MD-50693,48.67378024768842
MD-50694,19.01756070113907
MD-50695,37.44195550858748
MD-50696,7.017255471301778
MD-50697,26.545700496343212
MD-50698,40.881341633113784
MD-50699,38.30701102410791
MD-50700,13.064793173268976
MD-50701,37.981889529146066
MD-50702,38.830540205025365
MD-50703,18.895357926356564
MD-50704,26.210370588347153
MD-50705,40.194410832151746
MD-50706,15.632251603247472
MD-50707,14.402240854676315
MD-50708,21.70003184248533
MD-50709,53.08046106200979
MD-50710,65.58425265667756
MD-50711,16.81485813762673
MD-50712,46.993000965186845
MD-50713,16.68500679306741
MD-50714,78.7442421412772
MD-50715,31.623634340111362
MD-50716,8.460566179848371
MD-50717,84.16195739485944
MD-50718,17.565330231465968
MD-50719,16.110388977623717
MD-50720,10.508519296761893
MD-50721,27.061093273852315
MD-50722,32.032187595544976
MD-50723,33.18238913945529
MD-50724,22.425626312581663
MD-50725,12.536931336704248
MD-50726,11.214636081440114
MD-50727,20.10839170154398
MD-50728,35.27074154837683
MD-50729,35.61849455703152
MD-50730,30.514653001293567
MD-50731,14.78965884833695
MD-50732,19.29464488313956
MD-50733,25.676702299931094
MD-50734,19.222179519309538
MD-50735,34.21094252034346
MD-50736,11.926578364914455
MD-50737,37.862054132926595
MD-50738,19.60700699156839
MD-50739,32.67248935163878
MD-50740,25.992056427945645
MD-50741,44.16852441567468
MD-50742,26.741397684683378
MD-50743,37.34310859842272
MD-50744,14.69517385138583
MD-50745,13.90382216410165
MD-50746,41.67097466564521
MD-50747,34.00545489265584
MD-50748,13.552509360699105
MD-50749,31.57016436087789
MD-50750,32.5800068298949
MD-50751,54.267186220705334
MD-50752,27.165340285890835
MD-50753,43.755953776676854
MD-50754,13.506003504416448
MD-50755,19.59316074416603
MD-50756,13.821144833696614
MD-50757,44.83989427369552
MD-50758,17.195716364503436
MD-50759,36.21836627672347
MD-50760,15.74442204754429
MD-50761,5.345851755973741
MD-50762,39.20918987968536
MD-50763,5.898263234261732
MD-50764,14.44725650277376
MD-50765,14.232080551777617
MD-50766,44.29409046779246
MD-50767,49.235235968723394
MD-50768,38.256609508987324
MD-50769,48.620501425516316
MD-50770,26.48944832764148
MD-50771,15.127046849932377
MD-50772,32.110012261389194
MD-50773,35.757207849378226
MD-50774,22.16372318724021
MD-50775,31.959163280923594
MD-50776,17.245798423295774
MD-50777,19.00046289267639
MD-50778,25.723479104836667
MD-50779,6.77816994297802
MD-50780,22.89944953499905
MD-50781,32.134906271347845
MD-50782,28.45747432685508
MD-50783,17.516652872614554
MD-50784,49.55574449989676
MD-50785,14.991137832852667
MD-50786,37.15883514179458
MD-50787,46.63958616208102
MD-50788,22.82666426649663
MD-50789,9.623100159958687
MD-50790,45.1090849203107
MD-50791,12.066695959445392
MD-50792,17.988761690826337
MD-50793,27.904002372356345
MD-50794,16.398353405262057
MD-50795,15.57944949263251
MD-50796,12.766931866148788
MD-50797,7.387072983322135
MD-50798,27.39860515431506
MD-50799,39.035456757237796
MD-50800,18.21866064023928
MD-50801,20.90635282462199
MD-50802,16.57465648646835
MD-50803,11.128775206769669
MD-50804,17.014022436507403
MD-50805,29.959853911922426
MD-50806,21.19470599815671
MD-50807,21.671636160546026
MD-50808,42.203474414701326
MD-50809,59.3027957318911
MD-50810,15.76376519806743
MD-50811,36.25842126216606
MD-50812,41.49500352940382
MD-50813,36.91082916054163
MD-50814,47.336026885557516
MD-50815,9.897524347629666
MD-50816,42.31526665154357
MD-50817,21.086904314653278
MD-50818,11.7082404548893
MD-50819,29.635625068399413
MD-50820,38.38963095253634
MD-50821,17.853124727499985
MD-50822,29.52626258171519
MD-50823,36.342571801017485
MD-50824,28.724400687892885
MD-50825,38.69683780651075
MD-50826,47.55280781023874
MD-50827,20.853283199077374
MD-50828,38.34902243074887
MD-50829,23.520199328734712
MD-50830,19.231658555194457
MD-50831,13.809076318937308
MD-50832,29.390496991597878
MD-50833,13.389660843078529
MD-50834,12.722146430550318
MD-50835,18.864284652249186
MD-50836,42.54272368867178
MD-50837,37.468769271685595
MD-50838,17.790623858001155
MD-50839,37.54075658337946
MD-50840,17.09462974660502
MD-50841,20.389544313696785
MD-50842,34.567281123229925
MD-50843,38.904588402950246
MD-50844,35.2012415045265
MD-50845,25.05390519948328
MD-50846,35.353832393240076
MD-50847,16.368023124823743
MD-50848,38.35079304148872
MD-50849,25.258265284529163
MD-50850,12.037015754809156
MD-50851,37.41051480865119
MD-50852,14.730172083157212
MD-50853,26.34648651237952
MD-50854,29.550738860518052
MD-50855,35.57322718917166
MD-50856,14.375079400616318
MD-50857,33.96023372319219
MD-50858,30.042891350743044
MD-50859,16.57476079465154
MD-50860,15.933771315906178
MD-50861,54.28781849982936
MD-50862,34.842980854025484
MD-50863,57.66714477230165
MD-50864,34.08735017417304
MD-50865,36.751293299675446
MD-50866,48.06928978759133
MD-50867,23.781232285792324
MD-50868,31.675498461031047
MD-50869,23.074931598412427
MD-50870,10.935649023622965
MD-50871,38.80135324951511
MD-50872,17.267255745266933
MD-50873,47.47069788329248
MD-50874,12.146764868422718
MD-50875,30.3368677876901
MD-50876,9.656747155827771
MD-50877,9.74856475270273
MD-50878,20.672274017877648
MD-50879,14.851510590292396
MD-50880,19.110665263162318
MD-50881,16.953177086686427
MD-50882,26.635490886657877
MD-50883,23.672415919796837
MD-50884,42.23559206711302
MD-50885,16.212034375946843
MD-50886,17.335269969048014
MD-50887,9.313397877619321
MD-50888,17.857526997893807
MD-50889,46.39956440003235
MD-50890,57.10734190613884
MD-50891,12.299099399260065
MD-50892,34.08063376092666
MD-50893,15.732348975623262
MD-50894,14.127175316114098
MD-50895,52.22497228919152
MD-50896,35.83817972913494
MD-50897,35.383503733694894
MD-50898,21.797757576264807
MD-50899,17.778152720191848
MD-50900,31.336457485582347
MD-50901,25.882684032387665
MD-50902,33.415924848421845
MD-50903,44.20005967596535
MD-50904,3.538621187950807
MD-50905,42.30234720732136
MD-50906,23.124516937918425
MD-50907,13.215344143202067
MD-50908,16.08462617878925
MD-50909,15.405238469955243
MD-50910,15.72655343210761
MD-50911,34.49519052946662
MD-50912,29.842039886082418
MD-50913,12.391616747165783
MD-50914,17.439971042589267
MD-50915,22.246616264856335
MD-50916,21.036786649546126
MD-50917,16.376429859044496
MD-50918,15.3322423151628
MD-50919,60.637190660220924
MD-50920,28.01488419398085
MD-50921,40.195383571994924
MD-50922,53.49967845961543
MD-50923,14.746761514605199
MD-50924,30.607087228482786
MD-50925,23.273962107064552
MD-50926,48.59869540864754
MD-50927,37.745339118427424
MD-50928,27.75140381165707
MD-50929,18.337617626025533
MD-50930,56.86164067295931
MD-50931,38.3642849639378
MD-50932,43.7678231573396
MD-50933,9.677966495102673
MD-50934,24.25336758998011
MD-50935,34.95419905188835
MD-50936,20.11719997210455
MD-50937,35.71494076403856
MD-50938,7.252489862191518
MD-50939,28.710875735567843
MD-50940,14.871842338749568
MD-50941,43.26910078613606
MD-50942,17.821153532132165
MD-50943,10.544787192618369
MD-50944,28.055061118330727
MD-50945,33.46925290618647
MD-50946,32.149788411769826
MD-50947,64.77885783080768
MD-50948,35.17029910237947
MD-50949,10.572714102168522
MD-50950,35.103117488385756
MD-50951,5.742518729202203
MD-50952,14.976605414530223
MD-50953,15.565108219289934
MD-50954,37.542634348047095
MD-50955,10.041219508079998
MD-50956,42.50256007812926
MD-50957,47.04079015333883
MD-50958,31.720427932781377
MD-50959,40.26261739664651
MD-50960,20.29599637797657
MD-50961,22.183416401119242
MD-50962,24.793054463779303
MD-50963,9.747768896287878
MD-50964,13.059839791471884
MD-50965,37.32533201285546
MD-50966,31.67680209934144
MD-50967,29.5919722158591
MD-50968,44.21867830210404
MD-50969,6.495285278125397
MD-50970,30.64405695984717
MD-50971,49.6836960876327
MD-50972,38.0778753787112
MD-50973,36.73364301065164
MD-50974,27.448276420610277
MD-50975,27.560744651008534
MD-50976,26.054481459708448
MD-50977,53.13088586984267
MD-50978,60.67747738226779
MD-50979,27.80078011366142
MD-50980,21.36097878237947
MD-50981,29.400890256990625
MD-50982,38.811691387253134
MD-50983,18.294287360019887
MD-50984,20.71915791666246
MD-50985,24.51351904455359
MD-50986,34.99719112349457
MD-50987,39.20515980133287
MD-50988,25.24407900328843
MD-50989,22.579729008758612
MD-50990,28.4711670182974
MD-50991,19.0033178029198
MD-50992,34.89209864198505
MD-50993,17.310410138118794
MD-50994,27.19974204179423
MD-50995,18.185047692451278
MD-50996,37.78902196891739
MD-50997,14.4051894449873
MD-50998,21.438706903724366
MD-50999,49.32933264093152
MD-51000,9.006598282653318
MD-51001,9.208173688380697
MD-51002,35.349935106620485
MD-51003,32.27156470349302
MD-51004,18.87581172330037
MD-51005,36.74384374847964
MD-51006,35.178835157923686
MD-51007,43.19418148149949
MD-51008,33.87856202423801
MD-51009,35.43242943133226
MD-51010,49.5071493290237
MD-51011,19.967715715467417
MD-51012,17.647984126652524
MD-51013,57.3679810138912
MD-51014,26.037849653629834
MD-51015,34.618118111110256
MD-51016,21.78472919645727
MD-51017,23.231917363388128
MD-51018,45.230996887586535
MD-51019,35.980901060256684
MD-51020,22.288481433838786
MD-51021,30.645084755381017
MD-51022,37.52463165585626
MD-51023,32.330618825651214
MD-51024,8.98314793057077
MD-51025,11.928061755789894
MD-51026,32.64649821042967
MD-51027,55.67737072586112
MD-51028,14.474286823282357
MD-51029,38.83332280002943
MD-51030,18.24409895566722
MD-51031,32.931174495701214
MD-51032,31.3658514676447
MD-51033,32.996204875282444
MD-51034,21.18505789324658
MD-51035,52.43713592690534
MD-51036,71.10115408763227
MD-51037,27.447759224030992
MD-51038,41.03502441270244
MD-51039,12.94914912432856
MD-51040,21.466655526459267
MD-51041,25.77243412979556
MD-51042,31.00797124971275
MD-51043,61.522179888778716
MD-51044,48.529496470324396
MD-51045,17.807235011568388
MD-51046,36.13889338554307
MD-51047,48.957622243869565
MD-51048,27.263934007450057
MD-51049,32.569531860176085
MD-51050,10.554327223338985
MD-51051,13.68373533654043
MD-51052,19.44255128587483
MD-51053,32.605655599914265
MD-51054,17.663852162335843
MD-51055,7.131535008838101
MD-51056,18.691732146260236
MD-51057,36.521646716273594
MD-51058,33.37251480176981
MD-51059,23.76861317166185
MD-51060,37.62343034787412
MD-51061,37.62679259764157
MD-51062,36.58527141081974
MD-51063,32.3381719289702
MD-51064,24.17059817108585
MD-51065,45.70029578759013
MD-51066,10.033776724827073
MD-51067,24.6356001065736
MD-51068,9.134276847721953
MD-51069,19.307835056661933
MD-51070,14.562372122722813
MD-51071,28.06368553022859
MD-51072,28.893737629095835
MD-51073,15.422526775409626
MD-51074,34.340039568749255
MD-51075,47.87179465839317
MD-51076,32.23125941643747
MD-51077,22.653421192952642
MD-51078,44.762105688943585
MD-51079,21.15313259682734
MD-51080,9.218093855466712
MD-51081,47.03757141360916
MD-51082,35.27528361307346
MD-51083,39.9702943778817
MD-51084,18.33064262689833
MD-51085,13.376598480986923
MD-51086,17.238029914493048
MD-51087,22.75424923731846
MD-51088,23.18810928307495
MD-51089,7.400282630399736
MD-51090,19.869370255483105
MD-51091,31.107708043648564
MD-51092,10.090818485103254
MD-51093,36.01874588341193
MD-51094,13.560216874487088
MD-51095,6.460817565519742
MD-51096,21.176673099563278
MD-51097,18.988723437262273
MD-51098,38.55182654547029
MD-51099,19.11022010644509
MD-51100,9.538443252081906
MD-51101,20.904566922540933
MD-51102,11.734185362381025
MD-51103,17.284162514140043
MD-51104,16.459057529763232
MD-51105,23.565380341306092
MD-51106,34.87873749585804
MD-51107,19.49565999879172
MD-51108,61.39165467195546
MD-51109,35.44236678404016
MD-51110,14.666228116738418
MD-51111,35.42322543417101
MD-51112,21.492563855506404
MD-51113,46.01542639019834
MD-51114,31.40646655544067
MD-51115,14.35915465724063
MD-51116,25.735772438172795
MD-51117,30.928501624789178
MD-51118,32.70704627729462
MD-51119,44.27057729490583
MD-51120,6.383625152031798
MD-51121,25.061665329088648
MD-51122,50.23028338769952
MD-51123,26.338248441313766
MD-51124,33.87856202423801
MD-51125,32.963806821288806
MD-51126,22.014466127117693
MD-51127,34.11596363878893
MD-51128,39.441774407047156
MD-51129,42.58262474195574
MD-51130,11.65868959205107
MD-51131,29.536822600697636
MD-51132,22.664080179699617
MD-51133,33.50495566962224
MD-51134,19.540612027361117
MD-51135,13.173874607655586
MD-51136,19.508297236953354
MD-51137,35.56291261426748
MD-51138,16.117541043364753
MD-51139,14.739431572927664
MD-51140,15.369915488763633
MD-51141,39.10202330653908
MD-51142,35.86740950702202
MD-51143,17.021843768792486
MD-51144,34.52651825374564
MD-51145,22.59589213813923
MD-51146,47.4221999259187
MD-51147,18.754926305805796
MD-51148,13.999876546276562
MD-51149,17.001179734878015
MD-51150,32.190668357107505
MD-51151,38.06433311760566
MD-51152,8.02547849641074
MD-51153,45.43558056899767
MD-51154,9.386113180928353
MD-51155,32.141486623084674
MD-51156,27.931755297375595
MD-51157,15.693606530192758
MD-51158,41.96382226232365
MD-51159,33.740461499782285
MD-51160,45.623544215167584
MD-51161,18.52283521593289
MD-51162,55.468726117581355
MD-51163,39.791173836945184
MD-51164,33.748276080035126
MD-51165,19.441526547810568
MD-51166,33.950173116782096
MD-51167,14.51615328580235
MD-51168,33.91505555775867
MD-51169,17.36936491631424
MD-51170,29.32463974673648
MD-51171,43.67240439210107
MD-51172,17.546300511225287
MD-51173,13.61520084385181
MD-51174,23.877561928662118
MD-51175,47.80995848861214
MD-51176,51.415948558951776
MD-51177,17.526046471602736
MD-51178,8.339091896317038
MD-51179,34.311175048911906
MD-51180,32.195761814117674
MD-51181,45.0500917428868
MD-51182,50.84187539934504
MD-51183,18.361716132780217
MD-51184,20.33711660527338
MD-51185,28.684221028230844
MD-51186,13.881910902592649
MD-51187,27.117364584932112
MD-51188,10.486012123965718
MD-51189,11.183353750362379
MD-51190,34.35363024945302
MD-51191,19.170295637860846
MD-51192,22.16441800156757
MD-51193,33.21585057461918
MD-51194,41.770176300211105
MD-51195,25.014461414818207
MD-51196,29.95540925226679
MD-51197,38.44390958789752
MD-51198,25.95775361707607
MD-51199,27.215147071235606
MD-51200,30.16765787485336
MD-51201,19.93844431527933
MD-51202,37.106355107415986
MD-51203,32.003550628066854
MD-51204,37.07036273867491
MD-51205,17.07453028285586
MD-51206,46.30093165230154
MD-51207,16.059186688290442
MD-51208,17.99259245474846
MD-51209,19.552637202740886
MD-51210,14.981659819902882
MD-51211,13.957520445393332
MD-51212,12.896907421561709
MD-51213,28.91684483221783
MD-51214,9.692894455873853
MD-51215,29.86324060147144
MD-51216,19.637518628987447
MD-51217,42.67255761275047
MD-51218,51.665754369417066
MD-51219,30.5871720599456
MD-51220,44.78783310628582
MD-51221,24.26715053904604
MD-51222,22.30035867195532
MD-51223,13.035565230724451
MD-51224,35.26867552682682
MD-51225,19.14561524088518
MD-51226,22.141750337584526
MD-51227,36.79202376725026
MD-51228,34.47547912328713
MD-51229,33.32497809457211
MD-51230,8.483490773891235
MD-51231,32.631200762203655
MD-51232,47.97081985952741
MD-51233,33.70941825144764
MD-51234,11.406937056494767
MD-51235,23.511547140120065
MD-51236,49.493925651109166
MD-51237,54.95840138135984
MD-51238,51.57111461339281
MD-51239,19.358137354266642
MD-51240,13.153637352335076
MD-51241,42.662809424977375
MD-51242,21.957050666054506
MD-51243,17.640513334588142
MD-51244,48.38953419356959
MD-51245,11.80854889883023
MD-51246,35.386526269463914
MD-51247,16.75164206796059
MD-51248,69.474198878957
MD-51249,32.62458872355047
MD-51250,34.877839928304546
MD-51251,36.05506387139232
MD-51252,14.597286676029787
MD-51253,44.70231939322882
MD-51254,36.163809235658526
MD-51255,43.715860333953415
MD-51256,9.2989273530173
MD-51257,13.069390386864216
MD-51258,16.48617275512706
MD-51259,30.347772992017504
MD-51260,31.927139018802382
MD-51261,45.05731316249593
MD-51262,27.91984727071268
MD-51263,27.751591749561065
MD-51264,13.033581540989147
MD-51265,46.81848267679008
MD-51266,31.802766740384264
MD-51267,17.96794098878861
MD-51268,13.180376396229189
MD-51269,30.772600744031426
MD-51270,19.869224422968443
MD-51271,32.5378663138566
MD-51272,29.57668796900511
MD-51273,46.139002607293115
MD-51274,21.143223914136193
MD-51275,21.473377065227545
MD-51276,27.752153106491697
MD-51277,38.54174136311382
MD-51278,52.053203607762526
MD-51279,14.08961857094992
MD-51280,16.528077968324283
MD-51281,11.812953285902909
MD-51282,14.909538600579868
MD-51283,52.25876217317925
MD-51284,25.165072506690812
MD-51285,53.78911395868097
MD-51286,20.427509468893195
MD-51287,12.294985676756312
MD-51288,13.838825170021694
MD-51289,27.05879183056312
MD-51290,11.013567816898355
MD-51291,52.92400677750466
MD-51292,45.32527260953998
MD-51293,31.250420117571267
MD-51294,27.198733299736382
MD-51295,38.048330515540144
MD-51296,12.533533584840866
MD-51297,55.17289911765719
MD-51298,14.986600575384205
MD-51299,8.497794927121417
MD-51300,22.428455836802417
MD-51301,33.55363171206302
MD-51302,35.34944942556263
MD-51303,29.37858381590705
MD-51304,15.30873228138808
MD-51305,38.289340931711685
MD-51306,8.115788523761656
MD-51307,34.22588922029642
MD-51308,29.299782381477602
MD-51309,14.670956656404114
MD-51310,13.720681394795097
MD-51311,39.16637190496387
MD-51312,36.54983280929986
MD-51313,44.93038635156222
MD-51314,12.7960369719962
MD-51315,46.33181990575361
MD-51316,39.85773687237609
MD-51317,9.92387743120215
MD-51318,9.09107559211396
MD-51319,35.014177058319795
MD-51320,26.29780520913653
MD-51321,13.719122659403324
MD-51322,13.966341199697071
MD-51323,39.616033290358345
MD-51324,38.69538362601392
MD-51325,21.739222741173684
MD-51326,55.09685142421736
MD-51327,31.96432084393226
MD-51328,9.084839506817923
MD-51329,34.46777961007579
MD-51330,20.79809194343336
MD-51331,37.55070997830976
MD-51332,42.35940177324145
MD-51333,11.428599866899601
MD-51334,46.152014685129934
MD-51335,48.5261562231262
MD-51336,9.929509334043223
MD-51337,36.43666634550483
MD-51338,47.20050062191182
MD-51339,30.881166224658013
MD-51340,18.06912972721285
MD-51341,18.218507427593412
MD-51342,16.72290537628533
MD-51343,42.58800434398174
MD-51344,30.809987881940106
MD-51345,31.80973971255936
MD-51346,43.08956437185146
MD-51347,50.77854708079147
MD-51348,33.307813213537955
MD-51349,20.630535036462717
MD-51350,32.27613886829356
MD-51351,35.33398463795181
MD-51352,26.84936089857588
MD-51353,12.367540467816939
MD-51354,39.743884414677794
MD-51355,25.84017754845242
MD-51356,43.23626453276088
MD-51357,34.08676474937701
MD-51358,33.941585693518306
MD-51359,18.049933442003557
MD-51360,6.621389549467626
MD-51361,17.553953014643415
MD-51362,53.584441732556925
MD-51363,16.438101940577916
MD-51364,15.591941474581077
MD-51365,14.292431154985895
MD-51366,29.600184574033506
MD-51367,51.35286845752048
MD-51368,32.75190808280477
MD-51369,35.426225323661164
MD-51370,38.49798204592293
MD-51371,44.238268757261075
MD-51372,31.075643831493352
MD-51373,11.206189299606262
MD-51374,29.845017892539058
MD-51375,39.305485848494584
MD-51376,32.821457463177495
MD-51377,13.344945716647066
MD-51378,36.309597328487264
MD-51379,30.12517230583623
MD-51380,51.18044284192148
MD-51381,53.02941164875697
MD-51382,11.038988267048193
MD-51383,38.785893610116425
MD-51384,16.93217221213927
MD-51385,36.03982733383612
MD-51386,35.09433828097231
MD-51387,31.192951033750973
MD-51388,33.024596439965386
MD-51389,31.958516326497634
MD-51390,35.24421291295975
MD-51391,28.379548937263788
MD-51392,27.049555755925482
MD-51393,16.421306243737686
MD-51394,31.71871417557025
MD-51395,15.613347040870053
MD-51396,20.74862622562357
MD-51397,34.80569220827576
MD-51398,41.959294648039666
MD-51399,31.89101711166428
MD-51400,21.588353630742066
MD-51401,30.576424641159942
MD-51402,10.941370135339433
MD-51403,18.919082408345087
MD-51404,30.99166002446343
MD-51405,20.67717764615353
MD-51406,23.295468941815358
MD-51407,30.664925184383886
MD-51408,35.087169859566245
MD-51409,11.147789617708888
MD-51410,48.098537878009346
MD-51411,16.90329332797904
MD-51412,16.603635111181426
MD-51413,46.04514155710527
MD-51414,11.856752075649347
MD-51415,31.294882269645235
MD-51416,82.96393685206404
MD-51417,31.615643868811553
MD-51418,32.085378858868715
MD-51419,52.00401911375543
MD-51420,39.92910519455763
MD-51421,32.29360639777147
MD-51422,8.64281863711958
MD-51423,41.68432574999925
MD-51424,19.29421179128643
MD-51425,15.629968482767243
MD-51426,52.6950250121191
MD-51427,27.87850290417747
MD-51428,23.32220742280463
MD-51429,8.260972016698247
MD-51430,27.214196680994476
MD-51431,31.53905416590562
MD-51432,41.25780040538023
MD-51433,13.942977544860085
MD-51434,35.49933466946302
MD-51435,41.32176796243737
MD-51436,27.151746239854354
MD-51437,51.295399444897214
MD-51438,32.10771264072327
MD-51439,21.879378495213132
MD-51440,40.26773874773311
MD-51441,17.93428698266537
MD-51442,20.05444305989262
MD-51443,14.383026331594627
MD-51444,32.169322896888595
MD-51445,21.94260290362571
MD-51446,14.047027192502728
MD-51447,17.189170911335722
MD-51448,17.28617539162453
MD-51449,25.703006541046058
MD-51450,19.057350049000256
MD-51451,49.47365625672312
MD-51452,33.73403924250466
MD-51453,9.06882000219802
MD-51454,31.93972682436289
MD-51455,14.885128027495623
MD-51456,34.45178268457832
MD-51457,18.236465747305576
MD-51458,34.59754704483999
MD-51459,35.38977815881942
MD-51460,15.552074436231619
MD-51461,37.63757465793059
MD-51462,48.43414705308739
MD-51463,82.70408510805068
MD-51464,18.642852897955766
MD-51465,15.566816770786673
MD-51466,22.56906144129411
MD-51467,16.688670153451007
MD-51468,19.84347094559458
MD-51469,11.256523107244602
MD-51470,33.37010871083346
MD-51471,14.978826305347061
MD-51472,30.04926145899368
MD-51473,35.86070883303437
MD-51474,16.5451165639449
MD-51475,40.026424341913696
MD-51476,36.147528024674564
MD-51477,9.441033379830454
MD-51478,58.74730177901841
MD-51479,14.573451048655109
MD-51480,43.97436492338784
MD-51481,63.70002641929936
MD-51482,39.74438913750798
MD-51483,37.16376007888516
MD-51484,40.22444065386301
MD-51485,44.71105943086624
MD-51486,35.230028896449696
MD-51487,11.405178633163253
MD-51488,17.081122899721045
MD-51489,13.28358344812605
MD-51490,20.893427794677827
MD-51491,16.788998363133484
MD-51492,6.9612395848703725
MD-51493,42.66544257100516
MD-51494,19.55032804673577
MD-51495,15.712323316570018
MD-51496,16.682730531520452
MD-51497,36.0729979737891
MD-51498,10.876855838301333
MD-51499,16.070795946843397
MD-51500,35.45083566015117
MD-51501,20.885898345758946
MD-51502,28.80979976475127
MD-51503,25.616618609225984
MD-51504,16.947044660081467
MD-51505,29.983752413108924
MD-51506,9.550995339590619
MD-51507,15.339604114313174
MD-51508,36.086398853579034
MD-51509,31.939556960016738
MD-51510,26.937069787993718
MD-51511,21.796899708455772
MD-51512,42.08136422888288
MD-51513,30.56510458593568
MD-51514,35.24837343193529
MD-51515,30.389593853568307
MD-51516,37.380781403345146
MD-51517,35.28704384842957
MD-51518,47.89768142961053
MD-51519,33.48327111577562
MD-51520,27.954763635950677
MD-51521,53.99291621026377
MD-51522,8.363265909682951
MD-51523,19.330740021558753
MD-51524,26.047136472189685
MD-51525,10.049436719941127
MD-51526,93.12249373730498
MD-51527,10.31834554001975
MD-51528,20.13049701715591
MD-51529,40.61069595925011
MD-51530,39.682876811260684
MD-51531,32.58427103429642
MD-51532,20.470995920567006
MD-51533,60.501233467323665
MD-51534,29.79716253668349
MD-51535,92.9337108028085
MD-51536,121.86475378994287
MD-51537,37.88756742796724
MD-51538,18.196675348069288
MD-51539,31.716068511292427
MD-51540,40.02260373990406
MD-51541,8.521522458515783
MD-51542,52.06921765775265
MD-51543,41.636152669441124
MD-51544,27.996729433999427
MD-51545,10.06619180936474
MD-51546,35.55439874947029
MD-51547,33.294052821464966
MD-51548,13.313292400150099
MD-51549,35.36255837490088
MD-51550,39.89667413495991
MD-51551,26.60336436011744
MD-51552,17.43810699749
MD-51553,13.732745193852086
MD-51554,14.25158302790949
MD-51555,21.046345721185084
MD-51556,31.467951271708113
MD-51557,35.55622601059824
MD-51558,34.708782629980085
MD-51559,18.233373505556898
MD-51560,15.592039768813722
MD-51561,16.370856652621157
MD-51562,47.41289526123629
MD-51563,52.624603683104844
MD-51564,12.050269606833428
MD-51565,38.67460717109909
MD-51566,40.150039588741045
MD-51567,26.60543566039329
MD-51568,18.89884163300729
MD-51569,20.411180427481398
MD-51570,17.463317213043016
MD-51571,18.710836123810118
MD-51572,34.04558827647643
MD-51573,18.13948685828654
MD-51574,20.306913573157967
MD-51575,14.943653754053651
MD-51576,33.16190683048048
MD-51577,15.351917615571544
MD-51578,39.06849045102059
MD-51579,15.553513719307245
MD-51580,28.13412861082177
MD-51581,14.191075880129143
MD-51582,31.1085368995785
MD-51583,45.26921947976387
MD-51584,45.946737083947674
MD-51585,21.735615885947297
MD-51586,16.890811721075025
MD-51587,15.639389516250032
MD-51588,25.920919507745634
MD-51589,29.10019535318564
MD-51590,34.380157484061385
MD-51591,8.98490730705977
MD-51592,38.79435749738087
MD-51593,20.39946281789141
MD-51594,45.13354595615128
MD-51595,59.953854016499555
MD-51596,11.596720540446297
MD-51597,27.304128600650852
MD-51598,24.395866353114457
MD-51599,57.83007899718174
MD-51600,36.81813692369239
MD-51601,10.870812310697861
MD-51602,8.709931823147338
MD-51603,28.45883029132033
MD-51604,63.31516805554863
MD-51605,22.588819410209886
MD-51606,20.07703428833594
MD-51607,47.08274740598863
MD-51608,30.104664314443525
MD-51609,63.44652021306449
MD-51610,17.268696043795728
MD-51611,24.501845368103254
MD-51612,8.903251793018319
MD-51613,9.944935242201172
MD-51614,46.17109409455143
MD-51615,8.494587199794978
MD-51616,38.2249788432068
MD-51617,10.264525085556995
MD-51618,38.6731215437065
MD-51619,11.641376498360616
MD-51620,14.277712074804908
MD-51621,35.745379455016234
MD-51622,14.258048423719515
MD-51623,11.629766177454108
MD-51624,25.06305248007243
MD-51625,30.351815436856864
MD-51626,26.886625117400367
MD-51627,19.170585177835232
MD-51628,47.355094782979606
MD-51629,11.69562471673422
MD-51630,7.187859342758278
MD-51631,31.34284271047544
MD-51632,10.250051893798904
MD-51633,10.642854841748495
MD-51634,17.573308372693933
MD-51635,33.41563919416015
MD-51636,52.26582803318938
MD-51637,17.838236101034067
MD-51638,14.40709162899466
MD-51639,19.388908125674106
MD-51640,32.640504828375484
MD-51641,20.74176423526865
MD-51642,16.754556172617093
MD-51643,28.737018688082618
MD-51644,5.455129726413369
MD-51645,23.437579036518756
MD-51646,55.449416487732115
MD-51647,16.658331723807446
MD-51648,16.7780024832522
MD-51649,70.93136380866049
MD-51650,15.145111397592174
MD-51651,48.99727580605072
MD-51652,27.38477197920255
MD-51653,17.056686421860025
MD-51654,38.674286225213386
MD-51655,15.586726582511437
MD-51656,22.45006958430365
MD-51657,37.60024469231475
MD-51658,26.958161096875205
MD-51659,24.296980191144222
MD-51660,17.977535673828914
MD-51661,9.784203591607296
MD-51662,33.37324531615591
MD-51663,10.096701297915082
MD-51664,27.89202764424726
MD-51665,25.937639605582852
MD-51666,17.40203675859029
MD-51667,24.28065925054896
MD-51668,33.87149012103382
MD-51669,49.78860574416066
MD-51670,16.85376577073151
MD-51671,171.43476673079476
MD-51672,53.26386699732856
MD-51673,50.903123458177696
MD-51674,30.483636828753514
MD-51675,10.463943939650212
MD-51676,20.379828941936836
MD-51677,16.87723001506321
MD-51678,6.203274578345905
MD-51679,35.3554685439209
MD-51680,18.542522517816163
MD-51681,35.38198242934539
MD-51682,26.104798892785
MD-51683,61.87143486371429
MD-51684,11.035699954672818
MD-51685,31.282526746821905
MD-51686,51.1884248563463
MD-51687,84.48392211778828
MD-51688,46.137158400418485
MD-51689,65.12283368670947
MD-51690,33.19504533889553
MD-51691,16.190006132411376
MD-51692,43.02129947077949
MD-51693,34.18644157273729
MD-51694,38.98596992177983
MD-51695,19.7987711809846
MD-51696,23.77145508901528
MD-51697,39.14235089859771
MD-51698,12.369212881912203
MD-51699,6.403617937779849
MD-51700,18.48261959853247
MD-51701,14.402650191996194
MD-51702,18.700488279889875
MD-51703,18.045018075698145
MD-51704,52.63011861154086
MD-51705,6.6462449913322486
MD-51706,24.639484514036972
MD-51707,18.710959412932933
MD-51708,41.32060815504465
MD-51709,18.659571649437854
MD-51710,25.215146571436744
MD-51711,32.76427601863461
MD-51712,11.569272987111212
MD-51713,30.78880715173389
MD-51714,24.254164692735486
MD-51715,14.288353023876276
MD-51716,18.316136648044104
MD-51717,23.976003704873538
MD-51718,20.802730126872564
MD-51719,36.64519638816492
MD-51720,60.366132443387315
MD-51721,11.796088338852407
MD-51722,34.96701136677891
MD-51723,22.328947271245237
MD-51724,35.71952698664064
MD-51725,60.76599852737817
MD-51726,58.57422953796649
MD-51727,62.70476417675865
MD-51728,17.951425043605035
MD-51729,11.805000233303101
MD-51730,8.904132007653963
MD-51731,35.81539165984536
MD-51732,41.641140042901995
MD-51733,13.890375861881685
MD-51734,24.988629821946482
MD-51735,19.195777099723003
MD-51736,18.72562639393634
MD-51737,46.49205151787228
MD-51738,32.13882774152016
MD-51739,21.70721563461012
MD-51740,76.54829639277686
MD-51741,25.587011131036697
MD-51742,12.529923551964236
MD-51743,30.829793981505837
MD-51744,56.81035360063451
MD-51745,35.2054980077783
MD-51746,17.11089864924797
MD-51747,32.44023292947179
MD-51748,37.73140826308767
MD-51749,33.56551989504112
MD-51750,34.82535136117167
MD-51751,22.412177334842763
MD-51752,62.54052074777133
MD-51753,16.767981739880206
MD-51754,14.58311769579666
MD-51755,8.820491863746279
MD-51756,27.639976470514597
MD-51757,35.65899291626226
MD-51758,52.52719256321815
MD-51759,49.40604244427562
MD-51760,16.906111264544162
MD-51761,9.597455955089593
MD-51762,35.85079241108509
MD-51763,17.79136395721361
MD-51764,37.87093093513279
MD-51765,37.180758616325555
MD-51766,32.12239075074304
MD-51767,20.56876932174923
MD-51768,14.815141366948772
MD-51769,10.230723891339498
MD-51770,14.732260630418837
MD-51771,12.771363073852763
MD-51772,55.76256794780192
MD-51773,18.5210615896606
MD-51774,31.6940796808144
MD-51775,16.906369555540927
MD-51776,4.389684040080317
MD-51777,44.37773162774073
MD-51778,54.01312593143347
MD-51779,17.33315146475896
MD-51780,33.937549435473805
MD-51781,5.488168049154419
MD-51782,9.866642699295065
MD-51783,18.001112770695283
MD-51784,10.56876944589467
MD-51785,8.498928932287276
MD-51786,45.779124468294214
MD-51787,40.87145862099725
MD-51788,17.708218372567515
MD-51789,35.054503383996966
MD-51790,24.625761119881545
MD-51791,55.214267518832436
MD-51792,5.08312224947782
MD-51793,26.831581494123736
MD-51794,19.13855164379943
MD-51795,34.080434956663765
MD-51796,43.887873609167244
MD-51797,14.277674114558938
MD-51798,17.687211980854695
MD-51799,16.82800902988505
MD-51800,41.108615557290165
MD-51801,40.606162615922806
MD-51802,34.676528397375506
MD-51803,32.43614622587998
MD-51804,28.015700695333454
MD-51805,49.382693774675126
MD-51806,22.80539777838444
MD-51807,51.524486026264505
MD-51808,17.520501343659625
MD-51809,18.70197365112338
MD-51810,22.25027252679645
MD-51811,47.611609436200126
MD-51812,6.510786579604203
MD-51813,96.31609473889219
MD-51814,30.128582292225587
MD-51815,58.215301189117035
MD-51816,8.653638619986236
MD-51817,13.554165406975821
MD-51818,75.41023825771069
MD-51819,11.1927198239631
MD-51820,33.91595589296519
MD-51821,33.1185757474798
MD-51822,37.45096503467944
MD-51823,34.09236984814198
MD-51824,16.742968881399715
MD-51825,18.00293898060602
MD-51826,15.872575989622273
MD-51827,21.968690108256407
MD-51828,25.46011844100677
MD-51829,31.492705120463093
MD-51830,55.20199745329558
MD-51831,42.92190124301751
MD-51832,47.974985022035035
MD-51833,51.004583861916444
MD-51834,39.7953006106263
MD-51835,37.47375003630711
MD-51836,19.86424527208261
MD-51837,26.130806579660433
MD-51838,35.858213015662216
MD-51839,27.02353623325805
MD-51840,16.651712733242903
MD-51841,54.87057286532837
MD-51842,35.64122307009779
MD-51843,9.877075714267473
MD-51844,31.92072740823882
MD-51845,31.193366662800017
MD-51846,18.694321867962085
MD-51847,52.15562014433165
MD-51848,30.564022321643233
MD-51849,38.072261630418964
MD-51850,9.660199768777657
MD-51851,19.499707226156353
MD-51852,51.58863063754714
MD-51853,29.809163011573993
MD-51854,15.895374574495104
MD-51855,32.84834029731547
MD-51856,26.300764332978087
MD-51857,34.141253751269986
MD-51858,94.07988474703518
MD-51859,32.24734953492502
MD-51860,21.71624044981174
MD-51861,37.111963772023195
MD-51862,19.662744362757607
MD-51863,22.410198147834468
MD-51864,39.54880559357004
MD-51865,18.60994102418915
MD-51866,21.985531619972804
MD-51867,47.027972192179675
MD-51868,18.189287426211518
MD-51869,44.95665034828141
MD-51870,15.546287915640175
MD-51871,13.16895836113428
MD-51872,43.23831886024238
MD-51873,31.563687824484195
MD-51874,22.087380799664196
MD-51875,13.180567002073586
MD-51876,19.008743955982812
MD-51877,32.47075028338113
MD-51878,35.894091787782806
MD-51879,24.509073639759855
MD-51880,41.52872871401768
MD-51881,10.912643060513695
MD-51882,10.792133891272421
MD-51883,38.738381099665865
MD-51884,12.346212071648209
MD-51885,32.853251229473614
MD-51886,34.22542912488618
MD-51887,37.57769311443135
MD-51888,10.891033324344248
MD-51889,5.735998592049376
MD-51890,47.05449698455242
MD-51891,33.34184495416955
MD-51892,34.40330228110936
MD-51893,14.685079250532452
MD-51894,16.50739378126783
MD-51895,58.4206473910302
MD-51896,11.55060291535311
MD-51897,32.978035597311305
MD-51898,33.707774857086285
MD-51899,44.613363868508
MD-51900,15.036562223271021
MD-51901,25.80108588881368
MD-51902,20.679425061144148
MD-51903,31.72550966505488
MD-51904,35.3179147156332
MD-51905,12.032265232382672
MD-51906,25.315429628213014
MD-51907,9.42657116311591
MD-51908,24.794955981362467
MD-51909,41.341437839036765
MD-51910,50.59309852226497
MD-51911,101.78558776252318
MD-51912,17.606610017838666
MD-51913,50.3068317290358
MD-51914,29.53791417887542
MD-51915,10.36093365226769
MD-51916,28.64320215610675
MD-51917,34.957593010350344
MD-51918,3.98636045127677
MD-51919,43.36798137527064
MD-51920,27.882827275824567
MD-51921,34.890094322596184
MD-51922,37.89054449279031
MD-51923,18.371420905306287
MD-51924,37.76965781930021
MD-51925,15.12096527693772
MD-51926,48.65409332354368
MD-51927,34.53091783129467
MD-51928,16.92335492811047
MD-51929,30.217960438708392
MD-51930,31.082451371985943
MD-51931,17.93262967876138
MD-51932,10.394967816112448
MD-51933,28.688223249309694
MD-51934,39.1232153364863
MD-51935,24.459719954508042
MD-51936,6.16843732946199
MD-51937,57.61653800059986
MD-51938,47.293833022738944
MD-51939,23.64236562720082
MD-51940,26.334987321143085
MD-51941,57.755046126080785
MD-51942,35.43806963475603
MD-51943,18.479048336919266
MD-51944,46.78800154605867
MD-51945,58.94805853620365
MD-51946,16.04169938699854
MD-51947,19.09307659089135
MD-51948,59.12024708328655
MD-51949,36.96447558204227
MD-51950,34.17923323372466
MD-51951,27.42359041801434
MD-51952,26.70753709949196
MD-51953,37.21794913554987
MD-51954,22.946078943615632
MD-51955,15.862945881256094
MD-51956,58.7158729607028
MD-51957,35.98597946870381
MD-51958,36.19636338314117
MD-51959,24.155448922422103
MD-51960,35.21176111840813
MD-51961,14.697203101860046
MD-51962,22.93542239595916
MD-51963,9.646658513952643
MD-51964,19.53867563958364
MD-51965,14.515431583846324
MD-51966,28.717109048506828
MD-51967,33.03828231738356
MD-51968,14.744294819207216
MD-51969,45.15500283890455
MD-51970,19.627076047918624
MD-51971,37.224858755123435
MD-51972,49.09162154538044
MD-51973,6.592106663434891
MD-51974,23.57039417880388
MD-51975,37.58790646922919
MD-51976,33.065885292711734
MD-51977,46.55890694158413
MD-51978,30.976038075579435
MD-51979,36.60836424468563
MD-51980,10.13939737450751
MD-51981,46.941590454811404
MD-51982,34.834678979648366
MD-51983,8.41885763121768
MD-51984,12.163796690702439
MD-51985,16.686518310285287
MD-51986,9.44352885590223
MD-51987,48.02799758059378
MD-51988,28.11111220329074
MD-51989,24.646210324947514
MD-51990,17.641060264161442
MD-51991,35.61329211951553
MD-51992,33.768093677370224
MD-51993,14.854411173295393
MD-51994,37.18536953408684
MD-51995,12.996748439952745
MD-51996,31.747359788349534
MD-51997,10.947882339736251
MD-51998,32.97023957591498
MD-51999,33.633506125666585
MD-52000,24.696055590200995
MD-52001,32.53571507958253
MD-52002,16.886357347614936
MD-52003,32.898945206692346
MD-52004,26.017118770124274
MD-52005,15.481217374664862
MD-52006,16.6617056429448
MD-52007,22.02107122423612
MD-52008,15.317679223669366
MD-52009,3.577538188410129
MD-52010,34.22178386845081
MD-52011,27.540842454362874
MD-52012,27.432700642135664
MD-52013,31.633598072238396
MD-52014,34.100128498559286
MD-52015,26.336874394841562
MD-52016,27.409736495872522
MD-52017,19.27210851456173
MD-52018,30.559522899181392
MD-52019,24.019796127949725
MD-52020,43.015992717276696
MD-52021,40.99767852034634
MD-52022,16.706910511861967
MD-52023,41.32575585697252
MD-52024,35.436561786511064
MD-52025,15.076955175264454
MD-52026,9.487648022702645
MD-52027,36.44232191277493
MD-52028,31.73836315212006
MD-52029,32.974482550702064
MD-52030,32.101474679905465
MD-52031,6.855788676971412
MD-52032,28.862365871853452
MD-52033,37.00214250429727
MD-52034,23.213082181290194
MD-52035,20.036003087901133
MD-52036,33.80322737049631
MD-52037,85.33629084836657
MD-52038,31.93420333627215
MD-52039,39.40240594193539
MD-52040,40.13849612426841
MD-52041,20.682118631925654
MD-52042,41.53017193046379
MD-52043,18.36445801903629
MD-52044,38.348354918854845
MD-52045,45.59214880616439
MD-52046,27.447190763299332
MD-52047,47.45914209167247
MD-52048,31.075815987670357
MD-52049,16.733811059551243
MD-52050,50.170087826659135
MD-52051,42.84434956611719
MD-52052,4.256339444993881
MD-52053,25.09288493775848
MD-52054,17.547212009497244
MD-52055,33.98217162256303
MD-52056,51.20703730864544
MD-52057,17.51643929113507
MD-52058,39.68971857428593
MD-52059,3.3041967179373275
MD-52060,32.48592572880233
MD-52061,17.593431853935346
MD-52062,14.541601209841069
MD-52063,7.423153037123931
MD-52064,24.387220180596
MD-52065,43.93807116989679
MD-52066,22.2881906152657
MD-52067,46.95319605092164
MD-52068,30.057002093619772
MD-52069,29.79840478284319
MD-52070,13.16544485183425
MD-52071,11.120695310425518
MD-52072,33.64214488738317
MD-52073,43.568348857222546
MD-52074,36.825240953856685
MD-52075,17.741276535037656
MD-52076,43.04812031439327
MD-52077,18.19930248814751
MD-52078,19.660836991333607
MD-52079,37.50836686041125
MD-52080,33.58171057506505
MD-52081,90.27574711856951
MD-52082,15.872572839425331
MD-52083,36.98840660046587
MD-52084,31.966607792362353
MD-52085,29.32584708247441
MD-52086,31.09924908137718
MD-52087,76.95885064432936
MD-52088,35.26779057432023
MD-52089,89.03297586079543
MD-52090,35.94033609850302
MD-52091,14.1707343555651
MD-52092,35.72174925176556
MD-52093,36.11376038173099
MD-52094,38.02788558323855
MD-52095,60.16838923253931
MD-52096,24.243122575860998
MD-52097,47.77107580013756
MD-52098,24.890455655287386
MD-52099,14.514257244001652
MD-52100,35.259970556956794
MD-52101,42.599012641663755
MD-52102,23.1229127700834
MD-52103,32.21539763629236
MD-52104,7.468846784964537
MD-52105,54.208248424242356
MD-52106,46.11744471656013
MD-52107,15.69965893258623
MD-52108,25.96199183132076
MD-52109,57.8667437545549
MD-52110,28.70016482645969
MD-52111,30.7271802162496
MD-52112,16.788340815377193
MD-52113,29.911423782982
MD-52114,23.69252525231955
MD-52115,33.9656445035623
MD-52116,35.06982462478107
MD-52117,45.433846237692094
MD-52118,33.12039678979931
MD-52119,20.509520049091453
MD-52120,20.048468208162063
MD-52121,36.174178560956065
MD-52122,51.84407024928909
MD-52123,36.1814687170462
MD-52124,20.705130747508914
MD-52125,4.926026094085367
MD-52126,48.552804179734004
MD-52127,36.871709784724345
MD-52128,39.60590398161747
MD-52129,25.969941946256974
MD-52130,41.4424139213153
MD-52131,11.96837788038603
MD-52132,15.36398470843965
MD-52133,37.708759800414846
MD-52134,40.210736714047215
MD-52135,50.91186839872181
MD-52136,8.253450167671096
MD-52137,25.24863399519151
MD-52138,38.27980748482238
MD-52139,35.148888439044114
MD-52140,14.179951191671684
MD-52141,11.104172305619345
MD-52142,32.87171116697723
MD-52143,14.80471158600266
MD-52144,26.771116838288446
MD-52145,37.27036642939934
MD-52146,16.449429069032362
MD-52147,39.25330535368996
MD-52148,16.49471421666082
MD-52149,15.132769517796913
MD-52150,19.417971088720297
MD-52151,26.78514431726346
MD-52152,16.88869995671931
MD-52153,29.546242406726968
MD-52154,14.870555601562508
MD-52155,16.729350271043973
MD-52156,31.895352582417072
MD-52157,23.954191206445472
MD-52158,18.812992786511273
MD-52159,24.29828586181774
MD-52160,4.493804118698015
MD-52161,21.369007884008234
MD-52162,22.44240175840472
MD-52163,9.399145841267801
MD-52164,15.149436995309609
MD-52165,17.015370779558538
MD-52166,34.2824828990163
MD-52167,14.099349701123497
MD-52168,32.370869732185994
MD-52169,22.080826002002706
MD-52170,10.233486403190355
MD-52171,47.34833523770415
MD-52172,16.91515259084977
MD-52173,51.39459089098264
MD-52174,12.83559817639265
MD-52175,50.832809858757365
MD-52176,49.52973457021823
MD-52177,36.16359895171658
MD-52178,11.881670029288216
MD-52179,7.012719271105945
MD-52180,15.31569391524245
MD-52181,36.73616271173625
MD-52182,34.731124536843794
MD-52183,13.571137947657023
MD-52184,15.252885726630618
MD-52185,34.50081521152274
MD-52186,13.10551234972536
MD-52187,16.991735723123256
MD-52188,65.86756824011049
MD-52189,34.6137921627529
MD-52190,7.948491537226081
MD-52191,38.06188171279485
MD-52192,12.77567819115888
MD-52193,15.345519963458143
MD-52194,44.58553823964657
MD-52195,44.35804013065278
MD-52196,34.973721974439194
MD-52197,17.789801869659858
MD-52198,43.506857793595785
MD-52199,20.710745626641142
MD-52200,13.96893551275928
MD-52201,33.607440241237704
MD-52202,29.73156523702148
MD-52203,29.538295707257433
MD-52204,17.999195872186757
MD-52205,44.29377149537136
MD-52206,33.79803286469581
MD-52207,31.92830387029682
MD-52208,21.63177170516048
MD-52209,33.60283227006188
MD-52210,30.11101862427996
MD-52211,22.800163957205314
MD-52212,9.987320336014871
MD-52213,20.509578654894643
MD-52214,10.95542000838482
MD-52215,10.253869688594472
MD-52216,18.67445400387208
MD-52217,26.88213395919016
MD-52218,14.335003189948436
MD-52219,29.211101954821217
MD-52220,11.156730645596244
MD-52221,32.84116684106502
MD-52222,17.5380667399506
MD-52223,18.952928417816022
MD-52224,24.89211622189644
MD-52225,41.57486901782063
MD-52226,30.742138343385992
MD-52227,24.744040759601777
MD-52228,20.80746048890194
MD-52229,19.942364653147933
MD-52230,46.88520351110642
MD-52231,39.51584181434551
MD-52232,22.823126053457084
MD-52233,13.29885797773067
MD-52234,47.47214461463964
MD-52235,59.14278675091665
MD-52236,14.351812850619124
MD-52237,32.265023479219046
MD-52238,49.554411718931306
MD-52239,47.95969737531031
MD-52240,30.28336613332869
MD-52241,22.515007396688933
MD-52242,9.836276632933908
MD-52243,30.19392976872924
MD-52244,15.821649769029403
MD-52245,48.45685124764321
MD-52246,14.235361574834387
MD-52247,32.55394541586982
MD-52248,23.207379909285713
MD-52249,41.395975749614855
MD-52250,38.266056866076944
MD-52251,53.21933610051329
MD-52252,26.203359685137457
MD-52253,14.533660542357431
MD-52254,25.994434045235675
MD-52255,26.716831571295952
MD-52256,21.215941797075814
MD-52257,34.04571139530444
MD-52258,32.80674303963336
MD-52259,15.013574610647893
MD-52260,18.48174269884662
MD-52261,29.911738505523914
MD-52262,36.206723053035354
MD-52263,52.93492779305613
MD-52264,8.524597263425612
MD-52265,31.901168304314364
MD-52266,10.92349907936168
MD-52267,58.13833340522513
MD-52268,31.255068460186262
MD-52269,40.38023930391087
MD-52270,83.52731827068602
MD-52271,37.431548132970505
MD-52272,60.56267062162965
MD-52273,32.048879865061785
MD-52274,29.406115221538183
MD-52275,17.719412452675687
MD-52276,22.75942940778776
MD-52277,31.092674041559864
MD-52278,17.5690048176087
MD-52279,38.566193263424914
MD-52280,7.8906968022292725
MD-52281,4.826437130920175
MD-52282,23.878743054873862
MD-52283,29.98399987480212
MD-52284,30.286276709726476
MD-52285,37.4072645095485
MD-52286,42.616135526513524
MD-52287,43.71134339066765
MD-52288,14.509142047966641
MD-52289,33.98144017225928
MD-52290,48.5718755830843
MD-52291,50.03039781998287
MD-52292,57.197940322874636
MD-52293,16.403292015872275
MD-52294,37.647005163908744
MD-52295,19.625986817209313
MD-52296,16.561782351659144
MD-52297,24.373691836950925
MD-52298,51.201192793795144
MD-52299,7.495005145826749
MD-52300,54.760942392007244
MD-52301,60.56152465059848
MD-52302,18.561404648708372
MD-52303,14.683575292469538
MD-52304,38.37684653142933
MD-52305,19.901897922137792
MD-52306,24.611067940121394
MD-52307,9.642156604345018
MD-52308,9.506090125893808
MD-52309,36.29610524565882
MD-52310,32.48184174952364
MD-52311,23.302518857462836
MD-52312,10.136199695218496
MD-52313,13.439400894921341
MD-52314,59.362383831629614
MD-52315,33.3009722316352
MD-52316,31.353228172023044
MD-52317,63.324011040116936
MD-52318,58.608140299676286
MD-52319,26.175763725758067
MD-52320,5.523073335298417
MD-52321,13.623551012050392
MD-52322,39.75459062406337
MD-52323,38.31874552388225
MD-52324,35.952357349540755
MD-52325,21.664720421313895
MD-52326,22.93620275750678
MD-52327,45.15768245776957
MD-52328,30.547039627130694
MD-52329,39.28462843258032
MD-52330,14.538639199470458
MD-52331,33.74740275817522
MD-52332,19.16513210344161
MD-52333,15.07986982008028
MD-52334,15.188398633962914
MD-52335,32.150966317825066
MD-52336,15.113092175847598
MD-52337,5.6087278818957325
MD-52338,40.56461746067478
MD-52339,20.510516607339653
MD-52340,15.715425467065742
MD-52341,34.77594169529336
MD-52342,40.6554277247694
MD-52343,31.180417539134666
MD-52344,14.140503847665618
MD-52345,32.68936153651478
MD-52346,34.74655241887362
MD-52347,37.42894771115977
MD-52348,31.73836315212006
MD-52349,10.817552153892875
MD-52350,18.5094800037201
MD-52351,31.831558325911256
MD-52352,53.57665321505831
MD-52353,12.942928405631235
MD-52354,27.28545466646669
MD-52355,8.819943877047159
MD-52356,42.42706192390045
MD-52357,48.203105965080134
MD-52358,20.581880810387446
MD-52359,34.530707402542305
MD-52360,14.468700434661459
MD-52361,91.3487578032135
MD-52362,16.283159805725223
MD-52363,32.56676843810391
MD-52364,38.14586238682133
MD-52365,17.477647769385754
MD-52366,25.847982200898823
MD-52367,19.166603545505808
MD-52368,27.79736700864735
MD-52369,51.17516460214379
MD-52370,35.1528962071707
MD-52371,25.247009982197987
MD-52372,34.96624973048615
MD-52373,9.004153759721735
MD-52374,13.699889933638289
MD-52375,36.47714381644281
MD-52376,6.882540878720952
MD-52377,51.420625244712475
MD-52378,10.751645033581246
MD-52379,33.85630894064684
MD-52380,23.8066815559597
MD-52381,39.23072393304519
MD-52382,40.52015602908964
MD-52383,17.550196215782673
MD-52384,33.78382601773295
MD-52385,9.377189691306453
MD-52386,33.534253116488664
MD-52387,35.134290912538034
MD-52388,14.141749370729737
MD-52389,30.6777968044087
MD-52390,22.728105466737826
MD-52391,8.703960537625434
MD-52392,49.93528301590146
MD-52393,39.684396615574336
MD-52394,15.761294970806011
MD-52395,12.154461905971896
MD-52396,12.928139376672064
MD-52397,23.939450276415318
MD-52398,33.03680662195118
MD-52399,15.34269244499907
MD-52400,33.048045795032294
MD-52401,45.04961577394832
MD-52402,17.829475514917448
MD-52403,12.198625625337337
MD-52404,46.74067968928443
MD-52405,31.815822392534855
MD-52406,13.673833628879015
MD-52407,36.82016803329834
MD-52408,34.71613981064074
MD-52409,31.973965013180432
MD-52410,8.201701481662464
MD-52411,15.037527333131077
MD-52412,29.22051134875785
MD-52413,45.981857271300825
MD-52414,41.935220922370384
MD-52415,16.532616563944902
MD-52416,33.86686773937261
MD-52417,19.441201786490257
MD-52418,13.83681261989494
MD-52419,32.48607558358221
MD-52420,14.105264824715336
MD-52421,34.608682362165666
MD-52422,45.51398622119289
MD-52423,16.169727523476844
MD-52424,77.51832597786124
MD-52425,10.329364735996487
MD-52426,39.02649489120493
MD-52427,41.12075295862981
MD-52428,8.365916989019157
MD-52429,9.639928306089928
MD-52430,16.93669974129736
MD-52431,24.94423133281943
MD-52432,32.18882952856582
MD-52433,17.807974782631003
MD-52434,14.074046800756507
MD-52435,10.931964815213687
MD-52436,18.085230865825093
MD-52437,54.5264880910498
MD-52438,16.10831897208186
MD-52439,34.630103204823534
MD-52440,59.978880896139465
MD-52441,20.43071556235731
MD-52442,10.366409393639174
MD-52443,28.90911768835481
MD-52444,46.838257633163714
MD-52445,39.600507227522606
MD-52446,18.758033927329233
MD-52447,39.565184575007976
MD-52448,20.138274792434213
MD-52449,33.849798848124685
MD-52450,29.801064427115033
MD-52451,46.195171256976685
MD-52452,49.33571641059091
MD-52453,40.72374937767632
MD-52454,22.713408855931316
MD-52455,9.720919953677374
MD-52456,17.079910991207736
MD-52457,43.40356145679714
MD-52458,24.22952473721757
MD-52459,11.311668159188141
MD-52460,18.45565413478413
MD-52461,35.489718579748676
MD-52462,18.89648439659451
MD-52463,32.439082185025555
MD-52464,51.37511086296228
MD-52465,18.10958401157763
MD-52466,31.114199662598356
MD-52467,30.074661633844684
MD-52468,46.17866908034524
MD-52469,17.662647755471955
MD-52470,40.393230519858015
MD-52471,49.36719238557403
MD-52472,19.392704880852623
MD-52473,37.96108086579864
MD-52474,17.537256882140344
MD-52475,36.09558088574925
MD-52476,54.8545488790435
MD-52477,26.698838432852497
MD-52478,34.190711498070215
MD-52479,42.609172776248144
MD-52480,9.72158263206896
MD-52481,39.430839229563745
MD-52482,44.71936211873023
MD-52483,51.76185003926567
MD-52484,10.903931558144254
MD-52485,29.449925416303476
MD-52486,28.975506255610547
MD-52487,32.59623915958396
MD-52488,18.762782958479047
MD-52489,19.392928459736346
MD-52490,38.325926429841395
MD-52491,38.67885297154473
MD-52492,57.693419930303556
MD-52493,35.07569070952522
MD-52494,33.64454054899114
MD-52495,43.4153807254376
MD-52496,32.14487286210661
MD-52497,31.772020923323407
MD-52498,55.65710745387124
MD-52499,31.40646655544067
MD-52500,38.97942737546543
MD-52501,41.44140991859587
MD-52502,49.433797135501
MD-52503,40.51960235259422
MD-52504,17.232157031140595
MD-52505,20.570728923351336
MD-52506,38.073572557355064
MD-52507,28.265081872648445
MD-52508,15.068084757296644
MD-52509,48.240152343880276
MD-52510,3.653852997141669
MD-52511,15.471143609200315
MD-52512,17.643304526289175
MD-52513,35.436357517387464
MD-52514,19.07601899103259
MD-52515,14.174986718913278
MD-52516,51.71300699420503
MD-52517,14.432930253119048
MD-52518,9.06307991310832
MD-52519,27.88077275247718
MD-52520,11.985460469286574
MD-52521,9.625691418738107
MD-52522,40.22882825414616
MD-52523,20.339563386009793
MD-52524,5.180684582767511
MD-52525,32.1799279099734
MD-52526,26.214059636333545
MD-52527,37.31296066624542
MD-52528,35.72872207091337
MD-52529,28.674426882855784
MD-52530,14.836446355736747
MD-52531,27.34295483922105
MD-52532,63.997187583388985
MD-52533,34.079692848014275
MD-52534,45.9167888152036
MD-52535,16.56665658474174
MD-52536,53.80688105425802
MD-52537,27.013954092147063
MD-52538,26.502972896966977
MD-52539,48.17917762169996
MD-52540,32.81911808578992
MD-52541,40.006241222846874
MD-52542,47.40521419504061
MD-52543,33.63754956344529
MD-52544,11.06807323455138
MD-52545,34.67014768986362
MD-52546,12.57372544246051
MD-52547,19.1779921959392
MD-52548,16.807324277160177
MD-52549,6.043720356845939
MD-52550,19.190806045685033
MD-52551,44.29110648403461
MD-52552,24.255561104043394
MD-52553,10.344695269023514
MD-52554,17.951414494880748
MD-52555,35.12962049607379
MD-52556,23.86316513171047
MD-52557,43.26606626947073
MD-52558,32.98602282809316
MD-52559,26.65128889315438
MD-52560,29.947160288941514
MD-52561,29.751054404514857
MD-52562,36.290291853459884
MD-52563,27.357262696122394
MD-52564,31.7972617187301
MD-52565,16.466222981724872
MD-52566,36.945781647145935
MD-52567,30.19213856293225
MD-52568,7.99329882929691
MD-52569,36.29471600568315
MD-52570,57.35192569513902
MD-52571,38.787947802806464
MD-52572,41.28677354474311
MD-52573,32.75751857255579
MD-52574,6.895749847635141
MD-52575,28.42632444165557
MD-52576,33.819310455719446
MD-52577,22.567434996442447
MD-52578,20.682890010506636
MD-52579,13.231883476617709
MD-52580,35.601059541978934
MD-52581,16.801676093864472
MD-52582,25.950779668925
MD-52583,16.99482542283706
MD-52584,44.855926088470945
MD-52585,30.76194499733906
MD-52586,9.533878862114825
MD-52587,33.01011114861172
MD-52588,10.158463985391943
MD-52589,9.032047477829563
MD-52590,15.055710931001443
MD-52591,34.1870345091956
MD-52592,16.88102954984318
MD-52593,50.09843771593247
MD-52594,13.565094739105485
MD-52595,34.06556552100665
MD-52596,22.482378053496248
MD-52597,26.94178000111096
MD-52598,37.87191625823752
MD-52599,47.1668542747513
MD-52600,48.653040717619625
MD-52601,35.37957409140144
MD-52602,16.84963895329767
MD-52603,37.74352740480063
MD-52604,43.125950017912125
MD-52605,46.27462681375325
MD-52606,27.39389279806936
MD-52607,35.11053618044164
MD-52608,10.604792295285668
MD-52609,14.456373926043806
MD-52610,8.293741921061653
MD-52611,16.9110988787979
MD-52612,17.03094800185442
MD-52613,49.95823899339455
MD-52614,14.354791056284414
MD-52615,31.450212334874013
MD-52616,33.959928127759575
MD-52617,17.825779251170434
MD-52618,10.83915595340196
MD-52619,27.198425412338953
MD-52620,7.89280388454374
MD-52621,33.66832677227681
MD-52622,35.882200821795955
MD-52623,14.92016659349564
MD-52624,51.2070712222725
MD-52625,18.90461510823659
MD-52626,24.683898459124965
MD-52627,13.486332064607433
MD-52628,28.513835247496967
MD-52629,61.838989019166604
MD-52630,13.954250061692296
MD-52631,35.495447332719145
MD-52632,13.958718857044072
MD-52633,10.792745375847575
MD-52634,19.275795337154594
MD-52635,32.92995952851474
MD-52636,30.317368888057207
MD-52637,16.173757234520806
MD-52638,18.476209882427657
MD-52639,23.329111187354
MD-52640,35.17755493193128
MD-52641,20.05514449771276
MD-52642,33.86075952691817
MD-52643,36.63110246087088
MD-52644,35.2625433203982
MD-52645,30.650814976687776
MD-52646,15.023412595699249
MD-52647,18.503778780525458
MD-52648,40.88204063036006
MD-52649,17.195998061584554
MD-52650,31.79563486018295
MD-52651,32.81798313509994
MD-52652,23.166105283900897
MD-52653,34.69279921307278
MD-52654,13.79747138933479
MD-52655,26.485230249534744
MD-52656,8.461350159863764
MD-52657,11.47062435871901
MD-52658,51.89321330652543
MD-52659,18.582151024936085
MD-52660,9.586862200016727
MD-52661,10.295168519848174
MD-52662,4.630489018792285
MD-52663,25.297419697399
MD-52664,56.19324795688129
MD-52665,13.60662838186454
MD-52666,42.64970329352922
MD-52667,40.22320722270118
MD-52668,25.345553724501897
MD-52669,37.68631269169161
MD-52670,30.619106862674226
MD-52671,48.973542993806426
MD-52672,46.61341428275725
MD-52673,17.102297174335128
MD-52674,47.9888901563359
MD-52675,26.68321824311693
MD-52676,74.4655531735199
MD-52677,19.957926920680123
MD-52678,39.365749414512855
MD-52679,34.01413677472374
MD-52680,33.735398671482315
MD-52681,25.110899311350764
MD-52682,17.925443878795715
MD-52683,33.41120544225041
MD-52684,31.033356676091376
MD-52685,11.80012105594308
MD-52686,9.706867622627286
MD-52687,37.3952413815337
MD-52688,44.84285895870028
MD-52689,53.020069905466244
MD-52690,16.435766472081937
MD-52691,41.796871532790135
MD-52692,35.77086166163019
MD-52693,16.246030635280164
MD-52694,49.46587575949048
MD-52695,17.830281249338427
MD-52696,47.08429452092655
MD-52697,36.84209486079449
MD-52698,53.36828405986439
MD-52699,36.159230946551546
MD-52700,13.88478589421199
MD-52701,52.774713321952795
MD-52702,33.1835574088757
MD-52703,40.484536342136764
MD-52704,26.93582632366575
MD-52705,102.26786174772381
MD-52706,14.908233407693315
MD-52707,19.47786575607072
MD-52708,17.324351028735627
MD-52709,18.09710027951142
MD-52710,36.043541120706756
MD-52711,40.44187082441255
MD-52712,35.40350250860366
MD-52713,12.606463867369808
MD-52714,34.31540562956606
MD-52715,32.220466680897985
MD-52716,34.78329450628726
MD-52717,33.90353164848643
MD-52718,14.306271259835206
MD-52719,32.320117132246416
MD-52720,37.559298305074215
MD-52721,18.739239666426602
MD-52722,22.40225771049399
MD-52723,30.37283949066286
MD-52724,34.02528428629145
MD-52725,31.94539933868396
MD-52726,37.137698436952185
MD-52727,17.521995730745445
MD-52728,26.260073375970293
MD-52729,36.92265823927902
MD-52730,37.05883413888316
MD-52731,40.07536815868727
MD-52732,8.267471085525337
MD-52733,10.23190498500911
MD-52734,14.352890554156579
MD-52735,20.93752443220842
MD-52736,22.78495008884511
MD-52737,35.261120686714456
MD-52738,19.777979008192077
MD-52739,52.987292494413
MD-52740,18.45384560511131
MD-52741,11.039464723406656
MD-52742,8.355311850069407
MD-52743,32.83151758916928
MD-52744,25.94048203737992
MD-52745,6.356486868746263
MD-52746,25.63593722442678
MD-52747,23.55314649213512
MD-52748,10.71932742727278
MD-52749,26.119878186166797
MD-52750,34.292773978074926
MD-52751,27.97958947851563
MD-52752,38.83374680173857
MD-52753,52.0421045088021
MD-52754,16.452234848267338
MD-52755,38.89154919809749
MD-52756,51.6109236353599
MD-52757,29.31525962707272
MD-52758,36.883788348260794
MD-52759,53.77473380037548
MD-52760,16.78526517356301
MD-52761,23.654978808858242
MD-52762,21.984252520913422
MD-52763,20.84345043796579
MD-52764,16.587616676168377
MD-52765,41.623155334297536
MD-52766,33.79232345921559
MD-52767,11.68237612493666
MD-52768,22.03416992503903
MD-52769,12.49511407707805
MD-52770,51.214261698020785
MD-52771,34.5081793067839
MD-52772,94.06747916405621
MD-52773,49.677227547665986
MD-52774,12.250273877188658
MD-52775,22.458737746814858
MD-52776,32.19654950813872
MD-52777,35.8693921923011
MD-52778,52.17556000551632
MD-52779,13.802113099749125
MD-52780,35.69693000139104
MD-52781,6.29695285698093
MD-52782,18.535805614806055
MD-52783,24.708831787366808
MD-52784,17.9452857686789
MD-52785,29.100530602613
MD-52786,21.848879600519446
MD-52787,35.40324826400798
MD-52788,4.6738646076235595
MD-52789,31.211516292955036
MD-52790,33.58244431178955
MD-52791,19.735245174460527
MD-52792,48.92097425789194
MD-52793,81.0174085025948
MD-52794,31.647862537374035
MD-52795,23.217638983921276
MD-52796,35.382055339131384
MD-52797,37.90478698640833
MD-52798,14.025020753997905
MD-52799,16.44795184578751
MD-52800,22.356690233516115
MD-52801,31.633598072238396
MD-52802,14.64849830762543
MD-52803,26.49835136845384
MD-52804,47.15136770596749
MD-52805,29.45974205889696
MD-52806,15.089961088090426
MD-52807,42.488079389421685
MD-52808,29.598108525426355
MD-52809,48.683544890075645
MD-52810,12.458666246196326
MD-52811,48.283521054220635
MD-52812,38.87514313124055
MD-52813,32.334328989018324
MD-52814,17.30574103821644
MD-52815,25.839311889427997
MD-52816,24.42929824085024
MD-52817,34.41767430839877
MD-52818,36.08317677336823
MD-52819,27.73811515336524
MD-52820,47.157317111349464
MD-52821,28.410056924456562
MD-52822,39.77567466591254
MD-52823,15.558276480659435
MD-52824,22.00637988136763
MD-52825,35.79695474773371
MD-52826,16.857179389041956
MD-52827,12.093178187861406
MD-52828,21.854452400996415
MD-52829,49.45644388339554
MD-52830,28.704770866797762
MD-52831,45.15374821592186
MD-52832,23.278545095140156
MD-52833,86.39617262807724
MD-52834,33.11102575522938
MD-52835,12.307017677627146
MD-52836,62.922769955619415
MD-52837,13.749332272345562
MD-52838,37.80326476968615
MD-52839,34.834817083376436
MD-52840,17.885549198781973
MD-52841,22.944014971058436
MD-52842,28.064760638377148
MD-52843,33.49469168930647
MD-52844,84.43253081685606
MD-52845,44.61024035577373
MD-52846,35.326402810115226
MD-52847,39.00633975460171
MD-52848,52.56451629658855
MD-52849,27.097708497993317
MD-52850,16.754334762934782
MD-52851,26.446916415274146
MD-52852,100.15277279177675
MD-52853,17.148043201640057
MD-52854,12.987954206789222
MD-52855,16.495554344192364
MD-52856,11.709406173850416
MD-52857,20.27984289764357
MD-52858,16.78674878052607
MD-52859,43.240653001316
MD-52860,39.197570337270385
MD-52861,38.540961914557926
MD-52862,33.76260238264292
MD-52863,10.724856462608198
MD-52864,17.394620884610934
MD-52865,26.017118770124274
MD-52866,51.49718117872772
MD-52867,9.707560526937302
MD-52868,36.10640131526042
MD-52869,40.176902723357905
MD-52870,34.22175942533031
MD-52871,25.43435454998874
MD-52872,24.385273735899155
MD-52873,27.923576497617876
MD-52874,18.66722067698491
MD-52875,36.00273184425818
MD-52876,38.75256059560355
MD-52877,32.740088679398205
MD-52878,16.67422724856359
MD-52879,32.15223245310914
MD-52880,27.88354124939045
MD-52881,12.59402993724602
MD-52882,8.182105528559665
MD-52883,36.833561001642956
MD-52884,14.224177869812065
MD-52885,38.213665133935365
MD-52886,36.030837098786634
MD-52887,20.552077190480194
MD-52888,34.264233456792546
MD-52889,7.964645728880281
MD-52890,32.34483841719333
MD-52891,47.822624818293896
MD-52892,36.81723634882343
MD-52893,33.367499625994085
MD-52894,16.718688465694996
MD-52895,33.97490389119109
MD-52896,42.98217184190221
MD-52897,33.94375725727639
MD-52898,17.432513212554202
MD-52899,35.68568536714723
MD-52900,49.28906556413893
MD-52901,38.06937177514811
MD-52902,39.01573815835708
MD-52903,23.634644133164716
MD-52904,50.6221216011026
MD-52905,31.428598260617427
MD-52906,41.75020736339303
MD-52907,17.9881422354011
MD-52908,50.78499748768584
MD-52909,40.747022458880735
MD-52910,39.90212097222577
MD-52911,23.043790444978054
MD-52912,34.76907694812011
MD-52913,33.58138773908352
MD-52914,6.214062502399564
MD-52915,26.29794416964104
MD-52916,7.648603683497283
MD-52917,37.736217058831045
MD-52918,45.02459441282488
MD-52919,27.133248513970315
MD-52920,27.665556625878434
MD-52921,17.376220791273855
MD-52922,27.57739923857608
MD-52923,58.43268816608268
MD-52924,45.840281158385935
MD-52925,7.963014873900239
MD-52926,31.37426911839179
MD-52927,16.7735291940728
MD-52928,11.474880672381284
MD-52929,10.754583420080905
MD-52930,12.448379734182954
MD-52931,55.72245957633082
MD-52932,17.723098016985645
MD-52933,10.901544369339764
MD-52934,30.139280493854802
MD-52935,6.855110788188813
MD-52936,21.773452521563204
MD-52937,41.74603742162373
MD-52938,9.911705489529659
MD-52939,35.36543757451468
MD-52940,16.553326770323977
MD-52941,13.592518125197916
MD-52942,17.372568769846694
MD-52943,5.877802025988732
MD-52944,17.190269307239436
MD-52945,28.180616481604293
MD-52946,18.355814204984338
MD-52947,16.035815155979936
MD-52948,27.036546650434172
MD-52949,20.106254523592032
MD-52950,48.934381735113675
MD-52951,22.01409605108154
MD-52952,35.94600310880436
MD-52953,17.695340047822977
MD-52954,52.43059662973752
MD-52955,38.761948039196625
MD-52956,15.451632788886968
MD-52957,19.935076051189593
MD-52958,58.113263742274164
MD-52959,61.60051097834978
MD-52960,33.9859466644814
MD-52961,53.33913638723594
MD-52962,24.964693804423003
MD-52963,29.47453550293441
MD-52964,35.35629496797791
MD-52965,32.733675163356246
MD-52966,25.654053735937815
MD-52967,63.30791665607951
MD-52968,48.211738109396805
MD-52969,34.678015938031685
MD-52970,7.429489023973629
MD-52971,44.66764241955014
MD-52972,12.98532486083408
MD-52973,22.45572256999422
MD-52974,19.892425824995513
MD-52975,47.677770714595034
MD-52976,37.523059406236406
MD-52977,22.592424811685326
MD-52978,27.90361526138955
MD-52979,51.03982715048708
MD-52980,36.13183651412777
MD-52981,17.81945403144191
MD-52982,33.098128131388826
MD-52983,23.142719549415318
MD-52984,25.534142740184116
MD-52985,27.223167907884687
MD-52986,33.62374330573953
MD-52987,76.64561759415429
MD-52988,33.941975679495584
MD-52989,32.271516993444294
MD-52990,21.1892782616757
MD-52991,18.268299180704524
MD-52992,25.483387784753383
MD-52993,19.123681084805515
MD-52994,8.216474602076175
MD-52995,17.332107611150608
MD-52996,13.206205755568272
MD-52997,7.287641926491094
MD-52998,29.389876882006693
MD-52999,48.82019972614674
MD-53000,34.25745383932744
MD-53001,10.204875835085087
MD-53002,24.492068412112996
MD-53003,34.43591545555768
MD-53004,50.88208683455049
MD-53005,58.54472088102127
MD-53006,17.35833211687784
MD-53007,13.189337667346601
MD-53008,52.75849121515626
MD-53009,18.908945969899282
MD-53010,17.588357144237943
MD-53011,4.753904603780212
MD-53012,18.316542400522927
MD-53013,47.20746562801236
MD-53014,38.05508334764172
MD-53015,20.438061577261323
MD-53016,35.628527288867936
MD-53017,36.55018675272795
MD-53018,18.16817211253376
MD-53019,34.38035052569557
MD-53020,31.83230250524515
MD-53021,24.98412949671886
MD-53022,35.09513248657719
MD-53023,65.70441963029074
MD-53024,20.236591150762536
MD-53025,25.66985070281336
MD-53026,18.198667222224707
MD-53027,35.39572678794734
MD-53028,56.110302358339325
MD-53029,2.861330663423892
MD-53030,13.37209375184401
MD-53031,34.93647983069246
MD-53032,25.445493155763614
MD-53033,20.992958962497934
MD-53034,42.16229592819373
MD-53035,35.647107606937965
MD-53036,30.318936686159788
MD-53037,17.557094243837398
MD-53038,33.4818703399711
MD-53039,14.285247260334707
MD-53040,24.08703691763226
MD-53041,46.15135413937466
MD-53042,40.21224464178503
MD-53043,14.083108294468737
MD-53044,36.68266210949771
MD-53045,26.76298149448141
MD-53046,47.490085397267094
MD-53047,14.28548940959352
MD-53048,16.90853538033648
MD-53049,23.56113814129487
MD-53050,50.592454279604496
MD-53051,10.305977295656392
MD-53052,23.038955249724705
MD-53053,40.1348744717567
MD-53054,14.765565787020266
MD-53055,46.05657322797281
MD-53056,23.861804984337752
MD-53057,50.50544584561807
MD-53058,21.376077049326465
MD-53059,7.40998399098977
MD-53060,15.368552551279363
MD-53061,33.804921914934596
MD-53062,30.80756906066999
MD-53063,22.706050554847547
MD-53064,31.594785317112986
MD-53065,35.04589532382456
MD-53066,13.963349849694122
MD-53067,48.84244882572554
MD-53068,38.22413590054936
MD-53069,20.796131514941525
MD-53070,5.945330325920209
MD-53071,16.523977733440812
MD-53072,33.736583196649455
MD-53073,32.461705313321296
MD-53074,31.987446585037745
MD-53075,43.315177415259924
MD-53076,35.29873184858741
MD-53077,78.8481569156531
MD-53078,38.72997893655424
MD-53079,21.70571345924079
MD-53080,47.59216134822239
MD-53081,12.897967295836617
MD-53082,33.225820362817245
MD-53083,6.276920800687503
MD-53084,31.53553378352123
MD-53085,44.87815622943864
MD-53086,32.66753883495526
MD-53087,50.94640539078833
MD-53088,24.855242162084572
MD-53089,33.33603347407098
MD-53090,9.232902427870457
MD-53091,15.398535094170258
MD-53092,19.858932713753276
MD-53093,39.2171850395725
MD-53094,63.977783029251874
MD-53095,26.79174080052678
MD-53096,17.020128648780002
MD-53097,28.08082122164923
MD-53098,34.95577818322029
MD-53099,45.12378703709314
MD-53100,13.41186805388511
MD-53101,53.19924695242015
MD-53102,34.452333613462415
MD-53103,20.109628877297443
MD-53104,34.213398795108
MD-53105,24.27630738698662
MD-53106,38.03699545573554
MD-53107,27.68191375634298
MD-53108,14.00719104533246
MD-53109,17.28676950777399
MD-53110,11.819664466384253
MD-53111,14.54512890048421
MD-53112,22.08941420546678
MD-53113,14.379907757242123
MD-53114,26.18051390026501
MD-53115,19.20076372866291
MD-53116,17.5012957751493
MD-53117,15.864660998353013
MD-53118,20.41665964585477
MD-53119,73.36750095383935
MD-53120,39.037407461414894
MD-53121,18.49708661300482
MD-53122,30.397551445408716
MD-53123,26.35794063440539
MD-53124,33.12787636083689
MD-53125,51.18089053504816
MD-53126,19.581057409932274
MD-53127,38.33862477745077
MD-53128,31.594543186687545
MD-53129,33.820230417755766
MD-53130,47.147540463560745
MD-53131,11.53496140244773
MD-53132,50.39149507053715
MD-53133,8.838859561894948
MD-53134,11.784609497128175
MD-53135,25.577425849573256
MD-53136,37.398903120595435
MD-53137,33.52328015587782
MD-53138,27.304249776736604
MD-53139,10.852190074760376
MD-53140,10.20019751308419
MD-53141,15.32481459996294
MD-53142,49.09730520628071
MD-53143,36.44728417389179
MD-53144,29.377053129925354
MD-53145,33.29158423802713
MD-53146,14.041743959976616
MD-53147,74.39786333462445
MD-53148,5.5205557891716515
MD-53149,75.85264446355623
MD-53150,23.521989877817226
MD-53151,44.91408226811866
MD-53152,41.84493032085083
MD-53153,37.16361471326642
MD-53154,15.392710836953023
MD-53155,23.085753676346897
MD-53156,43.129330338074
MD-53157,26.276225851427053
MD-53158,64.3728145003386
MD-53159,34.120567883589125
MD-53160,35.65387084031673
MD-53161,28.635691638410893
MD-53162,50.29047261902335
MD-53163,66.39423779085502
MD-53164,43.50668930777362
MD-53165,12.149903084341085
MD-53166,36.86652191852253
MD-53167,53.51751226715932
MD-53168,37.650331376460834
MD-53169,24.172994395632806
MD-53170,18.590052806643694
MD-53171,10.96158086020999
MD-53172,42.6950769549583
MD-53173,23.573964661191244
MD-53174,30.15232086046746
MD-53175,44.41697600453901
MD-53176,50.33933022496905
MD-53177,27.354933255648874
MD-53178,44.040914106982534
MD-53179,30.43510830583388
MD-53180,26.133884598197906
MD-53181,9.684618263580816
MD-53182,45.18488136792445
MD-53183,35.32284709497261
MD-53184,60.51268912551587
MD-53185,53.890848597615644
MD-53186,47.04978511252346
MD-53187,38.93333400732372
MD-53188,33.46532276479696
MD-53189,14.426419576254876
MD-53190,25.52103567551631
MD-53191,28.709683545316476
MD-53192,25.016283018929183
MD-53193,39.44130807106937
MD-53194,12.554111526711473
MD-53195,18.006674886608774
MD-53196,22.26191237522403
MD-53197,15.950166601894766
MD-53198,44.10829388701112
MD-53199,39.18733261768316
MD-53200,33.3564018680743
MD-53201,24.89064541309303
MD-53202,49.69928411778712
MD-53203,9.34384372059307
MD-53204,31.678076372482842
MD-53205,27.338409441277655
MD-53206,37.24806323751177
MD-53207,30.622335345471164
MD-53208,34.2356082569207
MD-53209,35.466160771147166
MD-53210,21.943718499619262
MD-53211,27.432448411519577
MD-53212,31.076574150268797
MD-53213,12.454969902822334
MD-53214,16.280693518643442
MD-53215,37.964638230057766
MD-53216,26.418972886334895
MD-53217,58.92823266102555
MD-53218,19.508326951047042
MD-53219,22.046596857526698
MD-53220,22.15086016315493
MD-53221,44.8421637654946
MD-53222,31.760731749673347
MD-53223,64.31408453787904
MD-53224,19.50065922102666
MD-53225,50.12164496851255
MD-53226,51.98365756472991
MD-53227,73.82075789276745
MD-53228,15.143371022526328
MD-53229,41.085598847348734
MD-53230,18.772923404426827
MD-53231,9.79941786778839
MD-53232,57.13378839997677
MD-53233,24.513062633022404
MD-53234,49.46763774236567
MD-53235,16.9046577437381
MD-53236,34.01854942282792
MD-53237,17.455937919639734
MD-53238,36.1880828236763
MD-53239,19.2229702489043
MD-53240,20.367968257290308
MD-53241,36.58390800625896
MD-53242,17.200265624972193
MD-53243,33.16361441532675
MD-53244,31.71119050626236
MD-53245,19.149440178648252
MD-53246,19.64651521506845
MD-53247,41.50026330509374
MD-53248,43.534324286523486
MD-53249,53.8566059337114
MD-53250,20.827892213372984
MD-53251,28.27325793234804
MD-53252,11.125545276801756
MD-53253,16.658331723807446
MD-53254,33.682087932330255
MD-53255,17.626020109708815
MD-53256,18.19643396713863
MD-53257,34.35275928263108
MD-53258,14.18576345612918
MD-53259,38.32760622692205
MD-53260,36.49313840353361
MD-53261,41.52981526026486
MD-53262,19.13487669682794
MD-53263,12.950774466219674
MD-53264,23.41629683209525
MD-53265,56.0720375231769
MD-53266,10.943081799390903
MD-53267,41.04283084093718
MD-53268,38.479440476741054
MD-53269,46.99355949675385
MD-53270,20.83586825368932
MD-53271,32.77707921649503
MD-53272,57.803409885074586
MD-53273,32.787676710750844
MD-53274,46.74739871977081
MD-53275,20.665448348570777
MD-53276,32.333865433649315
MD-53277,38.09542898948189
MD-53278,52.00378982396923
MD-53279,34.50450635777619
MD-53280,32.554907134427914
